country,continent,iso_code,year,gdp_per_capita,population,life_expectancy,fertility_rate,infant_mortality,literacy_rate
Afghanistan,Asia,AF,1952,507.89,201900595,76.37,2.26,80.11,21.54
Afghanistan,Asia,AF,1957,573.04,212412961,77.04,3.23,60.96,66.66
Afghanistan,Asia,AF,1962,604.67,238026300,79.14,2.62,77.0,67.25
Afghanistan,Asia,AF,1967,669.0,298176786,80.6,3.18,79.69,33.89
Afghanistan,Asia,AF,1972,699.05,252424932,81.32,2.84,67.67,99.0
Afghanistan,Asia,AF,1977,1110.81,311739104,84.09,1.99,12.58,54.51
Afghanistan,Asia,AF,1982,1077.15,281346837,82.95,1.49,2.0,83.36
Afghanistan,Asia,AF,1987,795.77,376673130,85.0,5.06,45.8,97.83
Afghanistan,Asia,AF,1992,925.95,314447105,83.08,3.99,84.28,45.57
Afghanistan,Asia,AF,1997,1369.66,442493730,85.0,3.24,9.95,39.47
Afghanistan,Asia,AF,2002,1108.07,506834681,83.87,2.02,30.29,49.94
Afghanistan,Asia,AF,2007,1773.57,454297666,85.0,4.74,72.29,99.0
Albania,Europe,AL,1952,5629.97,294072678,74.93,3.37,73.41,71.93
Albania,Europe,AL,1957,5783.36,310865466,76.04,3.76,43.36,74.3
Albania,Europe,AL,1962,7073.52,331509280,78.14,3.75,46.92,74.38
Albania,Europe,AL,1967,7908.21,389436043,76.58,3.39,91.17,97.84
Albania,Europe,AL,1972,10347.3,350328922,79.15,4.33,44.96,82.51
Albania,Europe,AL,1977,8401.5,522752267,79.55,3.34,66.31,44.11
Albania,Europe,AL,1982,10951.27,384288677,84.62,3.77,87.84,76.64
Albania,Europe,AL,1987,9089.42,546808287,85.0,5.02,75.34,99.0
Albania,Europe,AL,1992,13420.16,477664742,85.0,5.6,25.6,75.35
Albania,Europe,AL,1997,9640.37,544504039,80.92,2.02,71.31,75.19
Albania,Europe,AL,2002,14313.58,610817362,85.0,2.09,38.44,88.13
Albania,Europe,AL,2007,17203.77,602493182,85.0,4.87,85.96,68.05
Algeria,Africa,DZ,1952,3832.08,68385640,76.45,2.34,39.09,56.4
Algeria,Africa,DZ,1957,4545.42,78923402,76.99,2.77,53.8,43.33
Algeria,Africa,DZ,1962,5038.5,85337401,78.67,3.09,38.24,27.05
Algeria,Africa,DZ,1967,5454.78,75965467,79.22,1.61,12.14,58.83
Algeria,Africa,DZ,1972,5363.02,112469792,82.24,5.51,14.73,65.07
Algeria,Africa,DZ,1977,7334.47,122717339,81.43,5.39,40.69,34.16
Algeria,Africa,DZ,1982,9179.18,81873822,82.01,2.87,34.6,34.63
Algeria,Africa,DZ,1987,7959.46,141183671,83.29,2.64,2.19,79.27
Algeria,Africa,DZ,1992,9004.5,137768913,80.54,3.95,12.31,32.23
Algeria,Africa,DZ,1997,8541.88,99886295,80.72,3.71,27.44,73.81
Algeria,Africa,DZ,2002,12888.66,111365420,81.18,4.83,33.76,92.19
Algeria,Africa,DZ,2007,13700.11,154182632,85.0,3.4,2.0,99.0
Angola,Africa,AO,1952,3044.25,304480960,76.72,2.08,88.3,43.92
Angola,Africa,AO,1957,3617.53,324487633,77.31,4.98,103.5,81.36
Angola,Africa,AO,1962,3994.97,388088780,79.97,3.63,92.72,94.62
Angola,Africa,AO,1967,4716.67,423379195,78.45,5.65,95.55,91.18
Angola,Africa,AO,1972,4421.67,352858003,80.05,5.4,62.22,58.12
Angola,Africa,AO,1977,5319.22,502194535,83.67,5.24,63.59,68.5
Angola,Africa,AO,1982,7057.95,383468944,80.46,4.48,22.36,76.29
Angola,Africa,AO,1987,7927.46,386252427,80.6,5.65,24.84,99.0
Angola,Africa,AO,1992,7883.23,398648854,85.0,3.53,99.32,60.79
Angola,Africa,AO,1997,6856.56,423617214,82.06,3.29,30.79,58.05
Angola,Africa,AO,2002,9388.48,787452481,81.41,5.83,76.04,99.0
Angola,Africa,AO,2007,9431.72,634735248,85.0,3.72,43.54,93.72
Argentina,Americas,AR,1952,9831.23,134985867,76.64,2.76,58.83,39.95
Argentina,Americas,AR,1957,11045.75,139262144,77.42,3.7,45.58,28.31
Argentina,Americas,AR,1962,12907.81,176187598,77.74,5.65,30.93,81.41
Argentina,Americas,AR,1967,16419.62,187422996,79.39,5.28,23.12,31.5
Argentina,Americas,AR,1972,13785.21,189054795,82.0,5.5,75.21,52.35
Argentina,Americas,AR,1977,14615.49,178678196,80.13,5.04,14.04,29.6
Argentina,Americas,AR,1982,19775.08,191066299,85.0,5.99,77.64,64.47
Argentina,Americas,AR,1987,24105.37,264486018,85.0,3.21,54.19,66.24
Argentina,Americas,AR,1992,24987.35,230837188,85.0,2.22,53.53,73.4
Argentina,Americas,AR,1997,25349.86,175716344,85.0,2.81,55.81,73.8
Argentina,Americas,AR,2002,25890.33,300221006,83.31,3.93,74.92,99.0
Argentina,Americas,AR,2007,22928.12,245353543,85.0,1.2,45.64,95.29
Armenia,Asia,AM,1952,4401.2,346024793,67.78,5.93,26.11,80.47
Armenia,Asia,AM,1957,4410.13,372942632,68.81,4.67,61.95,23.78
Armenia,Asia,AM,1962,6099.73,413186076,69.95,2.23,69.24,42.82
Armenia,Asia,AM,1967,5008.69,404267561,70.31,1.92,67.37,83.95
Armenia,Asia,AM,1972,5681.02,494533812,73.13,3.67,38.14,75.45
Armenia,Asia,AM,1977,7418.76,536128019,71.46,2.09,36.4,39.5
Armenia,Asia,AM,1982,7133.78,425362103,74.23,2.5,14.9,99.0
Armenia,Asia,AM,1987,9661.34,468527625,76.5,5.16,61.89,83.87
Armenia,Asia,AM,1992,8225.1,613134685,73.71,1.26,20.45,43.96
Armenia,Asia,AM,1997,9338.97,573902810,73.3,1.2,10.92,57.13
Armenia,Asia,AM,2002,12375.64,662909354,77.2,1.43,50.11,50.48
Armenia,Asia,AM,2007,13532.46,484346266,82.42,2.4,2.0,44.21
Australia,Oceania,AU,1952,53112.87,170645332,51.15,4.65,65.19,87.48
Australia,Oceania,AU,1957,59530.47,188737296,52.03,3.62,24.71,62.15
Australia,Oceania,AU,1962,67307.39,212238624,52.45,5.68,87.12,99.0
Australia,Oceania,AU,1967,83973.22,194598909,53.24,4.81,91.33,64.18
Australia,Oceania,AU,1972,83178.65,236013820,55.52,3.71,93.33,71.84
Australia,Oceania,AU,1977,101265.97,290112441,59.09,3.11,51.27,78.76
Australia,Oceania,AU,1982,76199.66,234313722,59.03,4.28,84.87,33.34
Australia,Oceania,AU,1987,119410.67,214449618,54.97,1.2,100.8,43.51
Australia,Oceania,AU,1992,99321.74,269708933,57.73,1.78,23.59,53.38
Australia,Oceania,AU,1997,121697.05,299340020,64.43,4.98,22.33,68.79
Australia,Oceania,AU,2002,156596.94,351598872,57.65,1.2,76.34,45.89
Australia,Oceania,AU,2007,149728.15,339325423,63.4,4.3,13.47,58.18
Austria,Europe,AT,1952,47641.12,224431666,51.93,4.12,26.57,54.0
Austria,Europe,AT,1957,56136.55,247679940,52.56,2.62,112.01,42.22
Austria,Europe,AT,1962,58760.65,246231280,54.53,4.86,38.28,71.39
Austria,Europe,AT,1967,66361.15,259186969,55.6,2.88,31.74,91.2
Austria,Europe,AT,1972,78888.06,274008738,55.13,5.84,21.13,25.46
Austria,Europe,AT,1977,89568.03,391634029,59.03,3.08,40.01,49.47
Austria,Europe,AT,1982,91556.14,341240977,56.74,5.16,4.87,71.48
Austria,Europe,AT,1987,117298.87,272091316,57.33,3.31,34.99,99.0
Austria,Europe,AT,1992,105726.25,340068815,55.74,5.58,60.41,77.04
Austria,Europe,AT,1997,133835.59,282548117,57.47,4.21,46.99,77.56
Austria,Europe,AT,2002,154981.96,402897236,62.61,1.45,80.95,75.36
Austria,Europe,AT,2007,118928.57,411497496,66.27,1.7,24.42,99.0
Azerbaijan,Asia,AZ,1952,4540.43,388290976,53.91,6.3,82.33,45.83
Azerbaijan,Asia,AZ,1957,5634.18,430559240,54.9,2.28,14.93,21.08
Azerbaijan,Asia,AZ,1962,6258.34,511354377,56.68,4.83,18.14,80.69
Azerbaijan,Asia,AZ,1967,7806.7,521282121,58.75,5.58,85.89,71.91
Azerbaijan,Asia,AZ,1972,8576.43,548367089,57.96,3.14,85.96,34.3
Azerbaijan,Asia,AZ,1977,9867.77,455769580,58.87,3.54,72.18,69.79
Azerbaijan,Asia,AZ,1982,10886.05,591942160,59.5,3.43,50.34,85.16
Azerbaijan,Asia,AZ,1987,10030.1,617164286,60.91,6.14,19.97,94.24
Azerbaijan,Asia,AZ,1992,7101.57,510515124,57.9,2.95,25.41,36.63
Azerbaijan,Asia,AZ,1997,11855.14,485193432,62.97,1.53,59.27,63.51
Azerbaijan,Asia,AZ,2002,8086.51,701551855,59.92,4.4,10.05,99.0
Azerbaijan,Asia,AZ,2007,14417.31,1080915629,68.57,1.2,82.25,90.31
Bangladesh,Asia,BD,1952,1709.69,203628778,50.83,2.26,108.38,94.62
Bangladesh,Asia,BD,1957,2125.47,228509084,51.46,5.58,39.03,66.24
Bangladesh,Asia,BD,1962,2240.31,229485932,52.04,5.56,97.04,72.56
Bangladesh,Asia,BD,1967,2232.14,251335267,53.11,4.85,22.37,73.13
Bangladesh,Asia,BD,1972,3268.26,279221694,55.44,5.28,73.88,49.83
Bangladesh,Asia,BD,1977,3654.04,349489237,58.22,4.2,69.74,77.22
Bangladesh,Asia,BD,1982,3023.87,382203658,53.76,5.3,27.78,45.94
Bangladesh,Asia,BD,1987,4341.94,243744603,56.38,3.21,68.55,79.32
Bangladesh,Asia,BD,1992,4294.6,417111982,59.58,5.47,42.1,48.37
Bangladesh,Asia,BD,1997,4375.38,328823603,62.45,1.2,21.01,45.35
Bangladesh,Asia,BD,2002,6253.57,467323926,56.91,4.91,2.0,78.7
Bangladesh,Asia,BD,2007,5284.74,348294806,68.79,2.52,2.0,82.55
Belgium,Europe,BE,1952,43286.63,355823873,70.5,2.14,110.95,92.34
Belgium,Europe,BE,1957,50910.5,381091059,71.81,5.27,102.65,63.73
Belgium,Europe,BE,1962,57120.84,395000202,71.63,2.44,71.05,82.01
Belgium,Europe,BE,1967,81129.63,411932928,73.51,1.54,74.63,64.78
Belgium,Europe,BE,1972,65505.58,457898510,75.11,3.05,22.87,76.45
Belgium,Europe,BE,1977,100830.38,563734315,77.25,5.23,70.86,34.38
Belgium,Europe,BE,1982,83456.19,554477347,74.72,2.44,106.69,74.83
Belgium,Europe,BE,1987,77341.64,545281135,76.35,5.82,56.82,36.94
Belgium,Europe,BE,1992,119252.19,781345738,79.76,3.52,8.6,99.0
Belgium,Europe,BE,1997,128501.22,654695839,81.62,3.1,70.53,30.5
Belgium,Europe,BE,2002,114615.34,740734074,82.73,2.58,22.44,99.0
Belgium,Europe,BE,2007,108190.23,548861461,75.77,3.78,39.58,41.2
Benin,Africa,BJ,1952,1057.35,412431932,47.38,5.27,62.55,47.83
Benin,Africa,BJ,1957,1256.51,456225196,48.36,5.13,102.34,52.71
Benin,Africa,BJ,1962,1557.82,458623804,49.76,4.48,24.83,89.9
Benin,Africa,BJ,1967,1571.35,476711184,51.78,3.94,98.28,62.42
Benin,Africa,BJ,1972,1725.05,545403332,53.78,2.5,34.82,40.45
Benin,Africa,BJ,1977,1806.08,489340199,50.66,3.81,88.55,47.94
Benin,Africa,BJ,1982,2178.34,536482944,50.37,4.32,38.99,91.13
Benin,Africa,BJ,1987,2566.48,535230015,52.8,1.26,106.05,39.53
Benin,Africa,BJ,1992,2921.53,730635079,51.41,1.2,109.06,99.0
Benin,Africa,BJ,1997,3125.12,774642642,56.67,4.36,2.22,81.07
Benin,Africa,BJ,2002,3273.76,577723804,59.88,1.96,2.0,99.0
Benin,Africa,BJ,2007,3256.2,918391408,63.68,4.01,68.62,81.13
Bolivia,Americas,BO,1952,3239.52,147536975,72.29,4.72,106.64,76.43
Bolivia,Americas,BO,1957,3351.88,164648145,73.64,6.04,105.24,46.22
Bolivia,Americas,BO,1962,3905.82,181701495,73.97,4.52,71.07,64.76
Bolivia,Americas,BO,1967,4665.92,160493427,75.73,2.27,86.38,68.53
Bolivia,Americas,BO,1972,6191.62,229119526,74.62,2.11,32.3,56.39
Bolivia,Americas,BO,1977,6424.58,220088362,79.42,2.9,2.0,75.69
Bolivia,Americas,BO,1982,5164.12,195164927,76.19,3.93,56.2,70.57
Bolivia,Americas,BO,1987,5318.32,232022074,83.55,4.72,2.0,86.1
Bolivia,Americas,BO,1992,6522.52,209539272,84.6,3.42,80.72,65.17
Bolivia,Americas,BO,1997,5423.19,277032388,82.69,4.1,14.54,99.0
Bolivia,Americas,BO,2002,7956.37,248544912,85.0,4.15,57.01,45.41
Bolivia,Americas,BO,2007,6312.97,384169970,83.43,3.55,29.71,56.41
Bosnia,Europe,BA,1952,5797.0,31565896,57.9,5.13,62.82,71.93
Bosnia,Europe,BA,1957,5935.51,35544657,59.04,3.17,23.59,35.58
Bosnia,Europe,BA,1962,6886.41,33885333,60.04,1.92,36.64,89.87
Bosnia,Europe,BA,1967,8259.76,38448720,61.64,5.98,63.09,56.66
Bosnia,Europe,BA,1972,10199.2,38027772,62.98,2.33,17.84,81.69
Bosnia,Europe,BA,1977,11403.85,55825244,61.56,3.43,93.63,72.34
Bosnia,Europe,BA,1982,11352.85,39033009,65.98,1.4,73.42,29.57
Bosnia,Europe,BA,1987,10170.82,40232883,68.83,3.79,39.11,76.43
Bosnia,Europe,BA,1992,15759.76,72618480,69.59,1.22,2.0,68.15
Bosnia,Europe,BA,1997,17411.71,69919638,65.23,1.3,2.0,70.0
Bosnia,Europe,BA,2002,16576.98,45879222,72.63,4.81,36.77,49.08
Bosnia,Europe,BA,2007,13557.71,58437994,63.79,1.35,78.84,99.0
Botswana,Africa,BW,1952,7715.52,267498252,75.9,2.08,56.48,62.33
Botswana,Africa,BW,1957,8821.84,302306591,77.09,3.21,35.82,79.76
Botswana,Africa,BW,1962,9897.63,327178450,78.31,2.85,38.68,73.94
Botswana,Africa,BW,1967,13013.02,333682011,79.59,3.17,63.02,56.97
Botswana,Africa,BW,1972,10879.5,357754198,81.46,3.94,24.08,53.67
Botswana,Africa,BW,1977,14086.23,315760410,78.43,3.2,68.72,43.92
Botswana,Africa,BW,1982,13160.0,364558818,83.25,4.71,89.8,96.26
Botswana,Africa,BW,1987,13285.77,559307887,85.0,1.67,98.62,94.9
Botswana,Africa,BW,1992,17235.79,457215142,81.69,4.98,97.13,99.0
Botswana,Africa,BW,1997,12750.86,578131763,85.0,5.03,2.0,62.61
Botswana,Africa,BW,2002,28042.0,684181029,85.0,2.39,28.12,39.34
Botswana,Africa,BW,2007,15560.01,708429326,85.0,1.2,76.21,50.67
Brazil,Americas,BR,1952,8340.41,299444968,66.25,3.32,80.19,76.11
Brazil,Americas,BR,1957,9938.82,321424262,67.8,2.9,60.3,68.57
Brazil,Americas,BR,1962,10313.79,331905114,69.25,4.71,91.95,88.57
Brazil,Americas,BR,1967,12506.51,380361197,70.6,4.72,80.47,68.95
Brazil,Americas,BR,1972,15603.07,359031492,68.69,4.49,28.52,91.53
Brazil,Americas,BR,1977,16275.66,444068832,70.28,3.69,88.33,81.18
Brazil,Americas,BR,1982,15461.9,408881481,74.13,6.08,32.87,45.6
Brazil,Americas,BR,1987,21103.77,410355565,72.37,4.5,2.0,37.69
Brazil,Americas,BR,1992,17697.96,484972604,72.98,1.86,64.16,59.42
Brazil,Americas,BR,1997,25408.59,590889270,74.5,2.31,2.0,67.0
Brazil,Americas,BR,2002,17076.51,577509384,78.39,1.2,41.57,85.18
Brazil,Americas,BR,2007,27466.11,759863799,77.73,1.73,4.18,97.79
Bulgaria,Europe,BG,1952,8926.01,76170047,62.17,3.67,100.14,75.02
Bulgaria,Europe,BG,1957,10675.5,83401005,62.83,4.86,90.45,92.19
Bulgaria,Europe,BG,1962,13505.03,83758538,64.73,4.33,79.5,79.86
Bulgaria,Europe,BG,1967,14655.48,94146965,65.17,3.79,101.38,69.04
Bulgaria,Europe,BG,1972,18723.09,116895251,64.02,1.91,22.25,95.31
Bulgaria,Europe,BG,1977,12599.2,88872869,64.66,2.76,72.01,54.99
Bulgaria,Europe,BG,1982,20304.99,98380098,70.95,1.26,61.31,56.89
Bulgaria,Europe,BG,1987,14583.4,143966316,69.89,1.2,26.64,92.19
Bulgaria,Europe,BG,1992,22433.82,104834780,72.66,2.0,9.16,99.0
Bulgaria,Europe,BG,1997,16572.9,133940624,67.21,3.78,100.57,65.49
Bulgaria,Europe,BG,2002,28251.74,160604560,69.39,4.58,2.0,42.97
Bulgaria,Europe,BG,2007,30823.36,184630524,70.95,4.82,2.0,96.98
Burkina Faso,Africa,BF,1952,680.98,387591327,53.53,2.92,107.96,37.91
Burkina Faso,Africa,BF,1957,894.79,399597889,54.07,3.88,70.7,29.86
Burkina Faso,Africa,BF,1962,960.95,490720061,56.72,2.64,39.69,67.11
Burkina Faso,Africa,BF,1967,1093.18,564400106,56.79,2.19,92.28,91.83
Burkina Faso,Africa,BF,1972,1102.64,459622326,56.31,2.0,79.03,60.44
Burkina Faso,Africa,BF,1977,1060.86,652810435,58.79,5.75,98.69,71.76
Burkina Faso,Africa,BF,1982,1559.6,502462848,56.35,3.67,62.2,38.66
Burkina Faso,Africa,BF,1987,1266.96,764617862,61.19,4.48,34.61,63.32
Burkina Faso,Africa,BF,1992,1615.61,613891687,58.81,3.64,14.07,40.61
Burkina Faso,Africa,BF,1997,1660.23,792465435,64.23,1.8,18.89,74.23
Burkina Faso,Africa,BF,2002,1886.29,856045055,58.9,1.2,2.0,60.1
Burkina Faso,Africa,BF,2007,2090.26,681372380,61.3,1.2,28.4,99.0
Cambodia,Asia,KH,1952,1536.18,167130082,46.95,2.76,57.95,48.62
Cambodia,Asia,KH,1957,1787.25,182606404,47.43,3.85,115.14,75.74
Cambodia,Asia,KH,1962,2168.17,214509678,50.18,4.5,76.16,70.59
Cambodia,Asia,KH,1967,1858.93,185476926,49.25,1.76,34.41,28.48
Cambodia,Asia,KH,1972,2654.82,191241599,52.92,5.53,32.42,73.61
Cambodia,Asia,KH,1977,2913.31,238826903,50.81,4.8,75.6,44.34
Cambodia,Asia,KH,1982,3193.28,198942702,55.84,1.2,2.0,41.31
Cambodia,Asia,KH,1987,2842.29,253408173,51.5,1.24,33.06,81.91
Cambodia,Asia,KH,1992,2505.66,347038079,59.76,2.42,24.24,51.21
Cambodia,Asia,KH,1997,3996.46,216309484,57.47,5.28,40.35,72.3
Cambodia,Asia,KH,2002,3648.93,320803553,58.48,2.41,2.0,94.31
Cambodia,Asia,KH,2007,3842.11,272048456,57.11,1.2,77.44,99.0
Cameroon,Africa,CM,1952,1398.55,22885050,61.74,2.59,59.46,50.83
Cameroon,Africa,CM,1957,1684.9,24474643,63.17,6.1,16.35,24.88
Cameroon,Africa,CM,1962,1656.45,28418592,62.92,3.47,53.99,55.74
Cameroon,Africa,CM,1967,1633.89,28078855,66.45,4.5,45.37,26.46
Cameroon,Africa,CM,1972,2644.47,36287765,66.99,1.7,13.3,32.58
Cameroon,Africa,CM,1977,2288.08,33589019,67.43,1.86,63.52,84.37
Cameroon,Africa,CM,1982,3204.4,34679962,69.24,2.63,81.27,93.82
Cameroon,Africa,CM,1987,3638.96,36668808,67.56,3.83,51.29,80.77
Cameroon,Africa,CM,1992,2475.54,31438087,73.8,2.97,2.0,77.6
Cameroon,Africa,CM,1997,2420.49,37243205,73.04,3.72,2.0,72.22
Cameroon,Africa,CM,2002,2716.01,29985762,72.26,5.18,13.4,57.28
Cameroon,Africa,CM,2007,2681.16,45490547,70.5,5.32,89.89,99.0
Canada,Americas,CA,1952,46786.62,331455611,63.0,6.37,118.01,59.92
Canada,Americas,CA,1957,53868.76,356594363,64.43,5.11,66.76,39.97
Canada,Americas,CA,1962,57200.27,402235042,66.27,2.29,31.8,77.37
Canada,Americas,CA,1967,65933.21,421144630,66.95,2.06,75.99,35.33
Canada,Americas,CA,1972,74626.9,450502369,65.0,4.78,9.76,57.14
Canada,Americas,CA,1977,104176.47,492566183,65.82,4.72,34.53,67.85
Canada,Americas,CA,1982,86329.38,634846344,68.29,4.02,48.05,75.95
Canada,Americas,CA,1987,109144.77,709896289,66.67,1.2,35.83,50.65
Canada,Americas,CA,1992,80136.54,483592105,73.57,3.72,2.0,74.68
Canada,Americas,CA,1997,123347.66,548438472,74.89,2.67,102.66,99.0
Canada,Americas,CA,2002,73812.34,576333090,75.02,1.85,67.26,99.0
Canada,Americas,CA,2007,128836.87,629318289,77.4,1.39,2.0,81.99
Chile,Americas,CL,1952,16092.28,332887116,76.27,2.35,99.45,23.77
Chile,Americas,CL,1957,16467.22,352514639,77.06,5.4,55.48,45.65
Chile,Americas,CL,1962,18639.51,439923740,78.61,3.28,22.4,60.68
Chile,Americas,CL,1967,22793.32,369897842,80.06,2.56,88.56,66.35
Chile,Americas,CL,1972,21599.93,418483175,80.44,3.0,78.33,80.85
Chile,Americas,CL,1977,20492.53,388914720,80.18,4.9,99.3,49.2
Chile,Americas,CL,1982,24291.89,485473650,80.92,5.18,69.11,67.67
Chile,Americas,CL,1987,30894.65,424810564,85.0,3.41,54.51,26.17
Chile,Americas,CL,1992,37934.73,756336779,85.0,4.89,38.7,93.98
Chile,Americas,CL,1997,25245.28,805489905,85.0,2.79,17.62,52.9
Chile,Americas,CL,2002,43118.87,796892363,85.0,1.3,18.13,56.13
Chile,Americas,CL,2007,41105.81,500962272,85.0,4.19,54.73,83.47
China,Asia,CN,1952,11293.69,67347939,47.82,4.45,88.8,88.33
China,Asia,CN,1957,13939.98,69473273,49.14,3.28,42.46,86.37
China,Asia,CN,1962,14537.56,79377240,49.36,2.85,98.66,28.38
China,Asia,CN,1967,14497.59,84857082,50.36,3.0,30.85,68.04
China,Asia,CN,1972,18853.27,106994634,52.83,3.68,71.68,38.74
China,Asia,CN,1977,23406.74,119575275,53.65,3.85,69.39,99.0
China,Asia,CN,1982,21725.89,113887327,54.52,5.0,70.21,99.0
China,Asia,CN,1987,19621.67,143312495,55.36,5.55,52.15,99.0
China,Asia,CN,1992,27429.03,86496471,57.98,3.39,54.09,34.54
China,Asia,CN,1997,23772.58,113160546,62.0,4.91,73.56,68.79
China,Asia,CN,2002,27057.16,165060147,58.05,4.36,2.0,72.99
China,Asia,CN,2007,30115.11,151856669,59.29,1.42,51.3,82.41
Colombia,Americas,CO,1952,7000.42,221453398,47.41,6.09,116.01,93.3
Colombia,Americas,CO,1957,7108.76,249185337,48.16,4.72,32.79,79.46
Colombia,Americas,CO,1962,6882.99,255095954,50.51,2.71,37.47,87.83
Colombia,Americas,CO,1967,8112.07,242214934,50.48,4.78,40.74,97.1
Colombia,Americas,CO,1972,8929.32,290513527,51.09,4.54,100.96,55.76
Colombia,Americas,CO,1977,10228.14,305793692,53.56,2.68,104.96,62.73
Colombia,Americas,CO,1982,8860.48,289439509,56.29,1.96,60.8,73.28
Colombia,Americas,CO,1987,14617.62,338361246,57.99,4.8,30.75,66.82
Colombia,Americas,CO,1992,12100.6,314738241,54.18,5.18,17.33,99.0
Colombia,Americas,CO,1997,15175.05,502974017,55.04,3.45,71.08,99.0
Colombia,Americas,CO,2002,13896.57,293195568,53.47,4.99,28.82,50.76
Colombia,Americas,CO,2007,13753.87,388853070,55.41,1.2,95.47,93.28
Congo,Africa,CG,1952,2126.73,424733764,70.05,3.22,53.7,50.43
Congo,Africa,CG,1957,2397.31,444982064,70.95,3.68,19.94,59.89
Congo,Africa,CG,1962,2671.62,489800303,73.2,4.71,67.09,74.83
Congo,Africa,CG,1967,3310.72,487116053,72.05,1.87,27.77,87.5
Congo,Africa,CG,1972,2432.13,504005404,72.88,4.7,14.35,76.1
Congo,Africa,CG,1977,3468.62,622379881,75.32,2.69,2.0,40.66
Congo,Africa,CG,1982,4235.48,528122801,76.74,3.21,53.23,59.16
Congo,Africa,CG,1987,3813.7,895643426,79.14,5.68,75.84,83.91
Congo,Africa,CG,1992,4146.17,749778093,74.36,1.68,62.09,75.24
Congo,Africa,CG,1997,3573.56,539305364,78.3,1.78,87.7,99.0
Congo,Africa,CG,2002,4121.12,589174963,78.54,4.46,14.11,99.0
Congo,Africa,CG,2007,5719.63,1049726881,85.0,2.22,2.0,93.89
Croatia,Europe,HR,1952,15054.32,324623037,62.12,5.32,62.27,49.82
Croatia,Europe,HR,1957,15420.49,345363516,62.91,4.73,79.1,28.29
Croatia,Europe,HR,1962,16192.17,395365295,64.5,4.73,10.92,42.8
Croatia,Europe,HR,1967,22022.13,392737309,64.44,4.08,110.5,39.42
Croatia,Europe,HR,1972,25945.2,395916034,66.71,4.48,56.9,67.84
Croatia,Europe,HR,1977,25716.16,457209853,69.35,2.01,110.84,27.82
Croatia,Europe,HR,1982,22158.49,620647905,67.92,2.42,86.64,75.3
Croatia,Europe,HR,1987,29514.64,607858218,66.06,1.46,87.07,45.22
Croatia,Europe,HR,1992,25749.07,417592582,70.09,4.05,77.06,99.0
Croatia,Europe,HR,1997,40848.14,775896036,72.0,1.48,55.92,64.6
Croatia,Europe,HR,2002,34379.91,671873292,73.02,2.09,70.15,93.93
Croatia,Europe,HR,2007,38581.49,765523203,72.68,2.19,100.43,94.17
Cuba,Americas,CU,1952,8115.5,298006794,64.76,2.13,48.1,20.86
Cuba,Americas,CU,1957,9120.38,327120339,66.15,6.06,87.39,55.75
Cuba,Americas,CU,1962,9807.15,350291260,66.98,2.79,17.91,84.0
Cuba,Americas,CU,1967,13331.36,399463875,67.45,2.96,36.81,32.84
Cuba,Americas,CU,1972,12094.35,459659598,70.76,3.03,57.57,48.19
Cuba,Americas,CU,1977,13928.0,416830965,69.93,3.03,89.66,84.85
Cuba,Americas,CU,1982,15122.89,447763561,72.68,5.56,62.13,34.5
Cuba,Americas,CU,1987,13977.51,424230539,70.16,2.24,39.45,66.28
Cuba,Americas,CU,1992,21883.38,496922993,75.52,2.08,46.47,42.48
Cuba,Americas,CU,1997,20973.5,712431775,73.52,5.16,2.0,90.82
Cuba,Americas,CU,2002,26713.15,627712002,79.44,3.83,89.38,98.18
Cuba,Americas,CU,2007,25114.36,723845819,75.81,5.03,8.46,77.63
Czech Republic,Europe,CZ,1952,21881.41,305219346,73.21,5.62,40.35,85.8
Czech Republic,Europe,CZ,1957,27347.35,316313988,74.43,2.22,97.5,96.51
Czech Republic,Europe,CZ,1962,26157.59,351045578,75.0,2.08,58.04,73.39
Czech Republic,Europe,CZ,1967,25670.81,412811365,76.29,1.45,87.08,31.57
Czech Republic,Europe,CZ,1972,37977.87,463669306,78.83,4.05,72.2,79.03
Czech Republic,Europe,CZ,1977,35395.59,502913620,80.85,4.64,60.66,72.87
Czech Republic,Europe,CZ,1982,34646.95,534066540,77.86,2.3,32.83,66.97
Czech Republic,Europe,CZ,1987,43007.66,385913861,82.16,2.36,54.25,54.59
Czech Republic,Europe,CZ,1992,44931.8,583704012,79.92,2.57,74.24,73.1
Czech Republic,Europe,CZ,1997,59511.18,671575258,85.0,2.29,66.64,57.15
Czech Republic,Europe,CZ,2002,43331.86,754385312,80.64,3.98,62.91,99.0
Czech Republic,Europe,CZ,2007,55086.84,852855040,85.0,4.8,64.31,57.09
Denmark,Europe,DK,1952,57561.36,331163050,75.81,4.57,51.81,86.88
Denmark,Europe,DK,1957,58639.02,343817493,76.63,2.02,107.54,43.93
Denmark,Europe,DK,1962,67223.74,433981386,77.7,3.58,19.31,78.96
Denmark,Europe,DK,1967,72718.34,435409570,80.25,3.37,70.49,59.58
Denmark,Europe,DK,1972,94561.64,450592530,82.07,3.4,93.06,87.59
Denmark,Europe,DK,1977,118844.53,388602697,81.89,6.09,53.93,87.74
Denmark,Europe,DK,1982,84371.88,542431089,81.75,5.93,82.4,41.77
Denmark,Europe,DK,1987,115395.81,682112696,84.28,4.85,45.56,72.62
Denmark,Europe,DK,1992,130791.12,618040368,85.0,1.6,81.88,54.67
Denmark,Europe,DK,1997,139173.08,809197640,85.0,1.97,95.15,43.56
Denmark,Europe,DK,2002,159129.42,701008156,85.0,4.8,25.87,69.45
Denmark,Europe,DK,2007,179945.37,704653938,85.0,3.04,54.73,97.55
Ecuador,Americas,EC,1952,6248.92,274544526,49.86,3.25,52.63,37.44
Ecuador,Americas,EC,1957,6519.68,307265024,50.39,2.75,32.23,85.66
Ecuador,Americas,EC,1962,7008.78,312163578,52.1,5.48,71.66,34.55
Ecuador,Americas,EC,1967,8054.6,306247566,52.85,2.79,17.26,60.69
Ecuador,Americas,EC,1972,10139.75,420859180,55.75,2.84,82.38,91.91
Ecuador,Americas,EC,1977,9071.26,450809871,55.04,3.19,32.05,56.51
Ecuador,Americas,EC,1982,11611.97,347773494,53.98,5.82,55.52,68.24
Ecuador,Americas,EC,1987,10635.19,424491241,58.52,1.59,23.3,42.49
Ecuador,Americas,EC,1992,15080.75,612121614,62.67,4.0,21.17,52.77
Ecuador,Americas,EC,1997,15378.66,610112967,55.81,4.26,2.0,48.2
Ecuador,Americas,EC,2002,10984.69,646151079,61.82,4.65,40.78,42.63
Ecuador,Americas,EC,2007,18705.64,476936381,57.56,1.2,33.49,85.91
Egypt,Africa,EG,1952,3097.96,484176001,70.09,5.19,87.44,23.41
Egypt,Africa,EG,1957,3413.72,528301833,71.46,2.4,43.06,92.35
Egypt,Africa,EG,1962,4343.95,539042045,71.8,3.72,107.96,93.25
Egypt,Africa,EG,1967,4287.76,534788355,73.47,4.68,61.24,90.32
Egypt,Africa,EG,1972,4418.78,734915611,73.95,2.01,52.9,49.4
Egypt,Africa,EG,1977,4278.96,747378175,76.23,2.37,63.79,64.23
Egypt,Africa,EG,1982,6673.12,743895596,77.63,3.79,36.44,45.53
Egypt,Africa,EG,1987,5853.66,617737799,81.48,2.86,93.13,40.69
Egypt,Africa,EG,1992,5825.07,733984405,76.96,2.33,31.48,44.59
Egypt,Africa,EG,1997,7387.18,708309820,77.31,1.2,71.32,94.07
Egypt,Africa,EG,2002,8991.37,851776975,83.59,2.33,2.0,99.0
Egypt,Africa,EG,2007,8972.03,1226777056,77.35,3.45,30.72,53.63
Ethiopia,Africa,ET,1952,805.98,33087640,50.43,5.3,113.16,62.5
Ethiopia,Africa,ET,1957,953.67,35464511,50.89,5.53,26.91,55.52
Ethiopia,Africa,ET,1962,1105.93,35499135,52.74,5.22,79.21,29.44
Ethiopia,Africa,ET,1967,1146.59,48495714,54.69,6.15,108.36,47.77
Ethiopia,Africa,ET,1972,1091.35,44961813,53.31,4.4,67.6,91.05
Ethiopia,Africa,ET,1977,1352.92,45778850,57.46,3.06,13.32,67.99
Ethiopia,Africa,ET,1982,1288.2,60386903,58.99,2.96,19.44,44.36
Ethiopia,Africa,ET,1987,1808.22,40435863,57.54,3.31,48.38,76.72
Ethiopia,Africa,ET,1992,1315.6,44506791,59.86,4.9,7.51,72.27
Ethiopia,Africa,ET,1997,2364.6,66054115,58.49,2.57,30.41,88.24
Ethiopia,Africa,ET,2002,1443.89,50313315,56.82,5.19,45.18,99.0
Ethiopia,Africa,ET,2007,1755.36,79318668,67.88,1.2,57.61,88.4
Finland,Europe,FI,1952,44490.64,123163746,48.02,4.0,85.81,90.74
Finland,Europe,FI,1957,54532.44,134928301,48.98,2.98,42.43,38.6
Finland,Europe,FI,1962,66607.31,153826345,50.57,3.28,31.48,84.44
Finland,Europe,FI,1967,60262.21,164446504,50.99,4.83,30.12,55.76
Finland,Europe,FI,1972,63127.4,196196666,51.82,3.39,91.62,68.25
Finland,Europe,FI,1977,98433.02,197935817,52.3,5.35,23.79,30.7
Finland,Europe,FI,1982,113489.52,174012695,52.62,2.68,2.0,44.48
Finland,Europe,FI,1987,77116.82,232635625,59.03,4.8,16.22,59.5
Finland,Europe,FI,1992,70950.22,221968113,57.0,4.83,56.97,38.09
Finland,Europe,FI,1997,86302.41,201394970,54.87,1.84,29.07,76.95
Finland,Europe,FI,2002,100874.72,268070865,62.85,3.64,27.81,70.92
Finland,Europe,FI,2007,100051.64,328379673,60.13,4.11,44.49,58.53
France,Europe,FR,1952,39939.89,366379165,57.93,5.99,49.73,50.85
France,Europe,FR,1957,51997.13,409999542,59.36,3.71,91.25,71.41
France,Europe,FR,1962,53038.33,401971386,61.18,6.02,78.87,87.18
France,Europe,FR,1967,61421.98,457985851,60.81,3.04,99.58,96.14
France,Europe,FR,1972,76272.97,562128898,59.83,5.47,87.32,45.79
France,Europe,FR,1977,78867.52,632560885,60.81,1.45,63.59,54.28
France,Europe,FR,1982,84847.89,630931305,64.74,3.36,85.23,77.84
France,Europe,FR,1987,95423.42,512814117,61.61,1.5,97.15,83.67
France,Europe,FR,1992,97548.79,579000920,65.97,1.58,37.57,78.74
France,Europe,FR,1997,96228.17,589373592,69.08,5.85,77.26,76.62
France,Europe,FR,2002,71993.78,766521172,66.51,4.93,2.0,58.49
France,Europe,FR,2007,133457.78,911656437,71.73,2.67,39.53,50.84
Ghana,Africa,GH,1952,2179.71,160203331,55.75,6.06,32.74,81.01
Ghana,Africa,GH,1957,2516.21,171525236,57.26,4.8,44.92,22.21
Ghana,Africa,GH,1962,2733.91,172965656,58.59,5.63,103.03,83.57
Ghana,Africa,GH,1967,3622.36,188104558,58.5,3.95,14.06,97.38
Ghana,Africa,GH,1972,2753.63,255566682,59.76,2.91,39.3,91.67
Ghana,Africa,GH,1977,4090.38,262715900,61.96,1.79,22.85,65.52
Ghana,Africa,GH,1982,3498.91,274724181,63.92,2.57,87.85,47.19
Ghana,Africa,GH,1987,4407.01,236369737,61.23,4.32,65.84,59.81
Ghana,Africa,GH,1992,3492.76,358135057,64.34,2.28,48.84,52.94
Ghana,Africa,GH,1997,4997.66,375226434,60.64,4.04,50.34,68.65
Ghana,Africa,GH,2002,5809.29,405774877,71.82,4.74,79.01,99.0
Ghana,Africa,GH,2007,5002.83,340545448,71.02,1.77,3.77,61.92
Greece,Europe,GR,1952,19433.52,178319245,50.34,3.8,108.33,49.05
Greece,Europe,GR,1957,21025.87,184676641,51.76,6.07,113.86,57.63
Greece,Europe,GR,1962,23478.66,204487646,51.55,3.61,89.72,27.81
Greece,Europe,GR,1967,28495.14,234999107,52.93,5.18,17.48,92.17
Greece,Europe,GR,1972,25020.05,212502608,54.21,4.44,96.59,73.35
Greece,Europe,GR,1977,25565.69,279243049,57.51,5.05,106.72,98.94
Greece,Europe,GR,1982,29835.08,213376316,55.95,3.42,89.81,69.86
Greece,Europe,GR,1987,42180.51,379600713,54.24,4.99,12.86,77.54
Greece,Europe,GR,1992,30159.49,392769848,57.6,1.97,2.0,96.3
Greece,Europe,GR,1997,40474.76,343479742,63.22,3.15,54.73,99.0
Greece,Europe,GR,2002,45780.17,379086643,61.64,2.27,36.63,68.95
Greece,Europe,GR,2007,49248.6,349996197,57.47,1.93,46.11,67.63
Guatemala,Americas,GT,1952,3994.48,467120402,74.16,2.12,72.04,35.14
Guatemala,Americas,GT,1957,4885.07,529405254,75.58,5.92,62.71,65.68
Guatemala,Americas,GT,1962,5774.43,617961841,76.95,5.07,34.25,76.03
Guatemala,Americas,GT,1967,5564.51,522755838,76.53,4.8,18.3,81.63
Guatemala,Americas,GT,1972,7207.84,523740103,80.65,1.3,53.84,34.88
Guatemala,Americas,GT,1977,5826.4,727496217,77.66,4.32,30.89,62.19
Guatemala,Americas,GT,1982,9024.77,667740340,81.76,5.26,46.33,86.55
Guatemala,Americas,GT,1987,6100.72,917675707,79.6,4.5,63.66,52.0
Guatemala,Americas,GT,1992,11540.36,803265983,84.18,3.59,2.0,99.0
Guatemala,Americas,GT,1997,7272.11,909574968,82.87,1.5,34.87,93.24
Guatemala,Americas,GT,2002,11855.33,817367948,81.58,4.14,32.2,48.54
Guatemala,Americas,GT,2007,9336.95,637606694,85.0,1.5,41.45,66.75
Guinea,Africa,GN,1952,888.35,283488560,49.4,3.3,69.62,75.1
Guinea,Africa,GN,1957,1120.74,297962297,50.41,2.25,72.29,61.6
Guinea,Africa,GN,1962,1002.59,365571246,51.67,5.7,95.29,81.3
Guinea,Africa,GN,1967,1266.91,337856234,51.46,2.81,64.77,57.55
Guinea,Africa,GN,1972,1127.58,340984595,53.66,2.58,41.63,28.76
Guinea,Africa,GN,1977,1773.32,502435718,51.79,1.66,48.47,79.72
Guinea,Africa,GN,1982,2234.92,496914652,54.16,5.63,13.18,44.95
Guinea,Africa,GN,1987,1578.43,472926226,58.16,1.79,79.69,57.32
Guinea,Africa,GN,1992,2568.76,634357881,55.9,4.04,46.78,55.53
Guinea,Africa,GN,1997,2415.43,553145912,55.69,3.35,28.17,84.73
Guinea,Africa,GN,2002,2040.08,437589699,63.2,4.96,45.26,92.16
Guinea,Africa,GN,2007,3022.29,512791397,55.21,3.47,19.01,99.0
Haiti,Americas,HT,1952,1359.3,227341118,75.56,2.44,52.82,70.2
Haiti,Americas,HT,1957,1398.69,235515625,76.23,1.9,24.41,40.27
Haiti,Americas,HT,1962,1777.21,288302563,78.37,6.13,20.5,70.68
Haiti,Americas,HT,1967,1870.55,335175723,77.7,2.15,90.1,71.81
Haiti,Americas,HT,1972,2076.68,311316803,81.13,5.56,102.44,63.39
Haiti,Americas,HT,1977,2544.5,305501283,78.66,4.25,46.45,58.31
Haiti,Americas,HT,1982,2215.32,381657274,84.41,1.26,45.66,94.11
Haiti,Americas,HT,1987,1961.01,385227836,80.17,1.85,13.08,55.38
Haiti,Americas,HT,1992,2682.85,388860769,85.0,3.34,24.07,99.0
Haiti,Americas,HT,1997,3173.34,360392395,80.15,4.7,73.71,92.82
Haiti,Americas,HT,2002,2204.29,466285359,85.0,5.23,42.97,64.34
Haiti,Americas,HT,2007,4152.97,594335319,85.0,1.2,28.66,49.08
Honduras,Americas,HN,1952,2221.67,371371296,68.72,2.24,23.9,80.18
Honduras,Americas,HN,1957,2816.25,407270783,70.19,5.85,94.8,95.72
Honduras,Americas,HN,1962,3622.98,416807380,70.9,6.06,21.5,46.86
Honduras,Americas,HN,1967,3229.47,526162623,71.28,5.59,44.77,39.35
Honduras,Americas,HN,1972,3405.81,470904422,72.51,2.88,97.93,47.55
Honduras,Americas,HN,1977,4686.16,497380179,72.75,3.07,90.99,71.3
Honduras,Americas,HN,1982,3840.36,489911625,77.27,4.09,103.35,89.5
Honduras,Americas,HN,1987,5384.21,623690907,78.26,4.73,67.34,42.64
Honduras,Americas,HN,1992,4562.27,611744677,77.5,1.35,18.2,75.87
Honduras,Americas,HN,1997,6589.34,533523449,78.63,1.37,51.54,64.19
Honduras,Americas,HN,2002,7501.04,494480935,75.38,1.59,2.0,55.0
Honduras,Americas,HN,2007,6135.8,673625426,81.88,2.07,57.92,99.0
Hungary,Europe,HU,1952,16158.37,252260049,75.49,4.79,88.88,38.14
Hungary,Europe,HU,1957,20050.26,278554560,77.05,4.5,91.78,36.01
Hungary,Europe,HU,1962,20261.46,301608545,77.38,2.66,20.18,88.23
Hungary,Europe,HU,1967,20700.01,293760778,78.79,2.5,28.86,52.83
Hungary,Europe,HU,1972,27967.78,295119630,80.01,3.92,32.32,43.73
Hungary,Europe,HU,1977,33852.16,338509432,81.31,1.87,26.86,66.55
Hungary,Europe,HU,1982,29321.2,358355907,81.76,1.75,9.96,78.15
Hungary,Europe,HU,1987,36792.44,346250726,85.0,3.79,46.79,90.23
Hungary,Europe,HU,1992,45033.85,525054329,84.82,2.37,2.0,57.45
Hungary,Europe,HU,1997,27362.09,494800988,84.52,3.59,69.02,44.75
Hungary,Europe,HU,2002,36622.03,451940579,81.29,3.22,35.61,68.89
Hungary,Europe,HU,2007,44190.09,585497733,85.0,2.94,14.27,60.19
India,Asia,IN,1952,1983.46,56525264,72.69,5.29,117.54,45.62
India,Asia,IN,1957,2419.59,58987049,73.53,5.52,56.3,85.32
India,Asia,IN,1962,2774.22,71583570,75.6,2.57,28.31,63.95
India,Asia,IN,1967,2622.68,62109641,75.2,3.91,78.03,97.75
India,Asia,IN,1972,3935.73,70674183,74.76,5.0,36.96,69.61
India,Asia,IN,1977,3073.13,88019890,80.69,4.21,78.23,44.25
India,Asia,IN,1982,4299.61,88426441,79.17,2.67,12.34,37.82
India,Asia,IN,1987,4265.54,90933870,78.16,3.75,77.57,66.08
India,Asia,IN,1992,4847.58,98134168,79.51,5.76,41.08,61.57
India,Asia,IN,1997,6333.21,113006922,79.3,3.06,14.96,91.81
India,Asia,IN,2002,4263.35,131196201,77.97,3.92,12.16,89.79
India,Asia,IN,2007,3902.03,145043273,81.1,3.32,26.03,76.13
Indonesia,Asia,ID,1952,3923.77,283462871,65.37,5.91,71.66,58.79
Indonesia,Asia,ID,1957,4670.0,298981068,66.14,2.7,60.49,34.59
Indonesia,Asia,ID,1962,4562.69,323461197,66.8,4.19,85.12,79.09
Indonesia,Asia,ID,1967,6837.38,307878817,68.13,5.5,10.62,82.61
Indonesia,Asia,ID,1972,6326.65,425591322,68.47,2.63,51.82,54.71
Indonesia,Asia,ID,1977,7154.36,394206629,68.88,4.05,104.77,46.24
Indonesia,Asia,ID,1982,8681.72,550661695,70.52,5.25,86.73,28.6
Indonesia,Asia,ID,1987,6968.89,474319328,71.88,3.75,2.0,44.29
Indonesia,Asia,ID,1992,9408.56,375994304,73.06,4.15,41.89,99.0
Indonesia,Asia,ID,1997,7880.47,491890603,72.04,1.2,101.75,57.79
Indonesia,Asia,ID,2002,8773.55,608303878,79.97,3.89,63.81,80.14
Indonesia,Asia,ID,2007,7967.12,492528126,82.38,1.96,13.75,57.72
Iran,Asia,IR,1952,5193.53,498374615,64.25,3.89,61.07,20.55
Iran,Asia,IR,1957,5984.87,536992991,65.86,3.76,106.82,65.92
Iran,Asia,IR,1962,7715.83,590135579,66.07,6.01,18.66,57.26
Iran,Asia,IR,1967,7994.4,718106728,66.34,5.28,9.48,61.79
Iran,Asia,IR,1972,9193.89,635627833,66.98,2.18,85.79,40.39
Iran,Asia,IR,1977,9541.55,682895566,72.36,3.79,94.11,86.68
Iran,Asia,IR,1982,7629.6,873701021,68.97,2.51,2.0,39.19
Iran,Asia,IR,1987,11768.61,606414069,73.91,1.2,89.19,70.94
Iran,Asia,IR,1992,12049.97,1093125915,71.06,3.06,90.43,62.67
Iran,Asia,IR,1997,15496.09,975350803,71.35,2.18,109.45,69.17
Iran,Asia,IR,2002,10708.86,981204561,71.85,2.81,2.0,99.0
Iran,Asia,IR,2007,16236.08,652509789,79.79,5.59,2.0,65.67
Iraq,Asia,IQ,1952,5198.96,34779182,62.63,6.3,108.26,24.18
Iraq,Asia,IQ,1957,5706.8,36007757,63.4,2.37,25.11,32.39
Iraq,Asia,IQ,1962,6446.27,45172400,63.6,2.98,47.09,82.19
Iraq,Asia,IQ,1967,7340.05,48304151,64.83,2.41,28.49,85.27
Iraq,Asia,IQ,1972,8853.04,55125381,65.6,3.17,75.29,34.06
Iraq,Asia,IQ,1977,9380.18,42472223,68.44,3.78,65.43,56.6
Iraq,Asia,IQ,1982,7511.89,48061505,66.2,2.65,92.93,79.43
Iraq,Asia,IQ,1987,13104.36,41644477,72.13,3.0,45.49,88.6
Iraq,Asia,IQ,1992,8369.61,56818700,70.95,1.2,101.26,65.79
Iraq,Asia,IQ,1997,13755.01,56533654,76.69,4.44,2.0,45.79
Iraq,Asia,IQ,2002,14406.0,78191384,70.38,3.65,2.0,54.68
Iraq,Asia,IQ,2007,16194.11,68396510,71.57,4.01,15.17,50.53
Ireland,Europe,IE,1952,76634.22,56101132,56.87,2.04,52.94,77.47
Ireland,Europe,IE,1957,91533.6,61045628,58.18,4.89,38.6,68.26
Ireland,Europe,IE,1962,98108.48,67855879,58.43,3.92,68.03,66.48
Ireland,Europe,IE,1967,106961.13,66035436,59.98,3.16,63.28,43.89
Ireland,Europe,IE,1972,115915.98,88773475,62.03,1.73,83.2,36.22
Ireland,Europe,IE,1977,160622.66,88476867,61.85,4.12,77.5,58.22
Ireland,Europe,IE,1982,144428.74,97028389,65.23,2.35,5.18,68.71
Ireland,Europe,IE,1987,131409.16,113293664,66.9,4.4,23.31,44.65
Ireland,Europe,IE,1992,147597.95,126053089,66.28,4.36,2.0,55.89
Ireland,Europe,IE,1997,181565.95,88017295,63.93,5.74,51.81,99.0
Ireland,Europe,IE,2002,237790.55,134273417,69.05,4.23,31.27,99.0
Ireland,Europe,IE,2007,144313.71,142473619,70.99,3.46,29.24,99.0
Israel,Asia,IL,1952,40912.91,266797259,58.13,4.98,94.95,43.02
Israel,Asia,IL,1957,48544.13,277803708,58.6,2.45,111.9,59.48
Israel,Asia,IL,1962,57684.04,323025547,59.37,6.0,56.69,47.11
Israel,Asia,IL,1967,58629.38,367289187,61.32,4.24,62.03,77.78
Israel,Asia,IL,1972,77428.85,323471317,61.85,5.79,19.3,31.87
Israel,Asia,IL,1977,90266.16,354850975,66.28,5.72,22.44,83.75
Israel,Asia,IL,1982,97992.47,372404866,65.78,2.28,74.41,65.87
Israel,Asia,IL,1987,79592.12,399817779,67.74,1.2,73.15,75.59
Israel,Asia,IL,1992,75701.96,450738748,62.08,5.62,63.45,51.26
Israel,Asia,IL,1997,72109.59,337079811,72.02,5.62,2.0,61.4
Israel,Asia,IL,2002,107177.17,642506160,68.51,3.96,27.35,99.0
Israel,Asia,IL,2007,83798.12,530048088,66.5,5.06,94.45,76.6
Italy,Europe,IT,1952,33933.61,198145427,59.95,3.37,34.39,51.72
Italy,Europe,IT,1957,33984.54,220934734,60.63,2.36,107.73,48.5
Italy,Europe,IT,1962,44506.77,245844677,62.34,3.09,55.64,67.4
Italy,Europe,IT,1967,52391.66,270432470,63.7,5.74,82.62,81.99
Italy,Europe,IT,1972,62367.43,261137666,64.74,3.44,33.54,99.0
Italy,Europe,IT,1977,52422.31,324791622,63.71,1.83,92.28,79.27
Italy,Europe,IT,1982,64172.54,291415940,67.12,1.49,20.26,61.24
Italy,Europe,IT,1987,49490.25,408007129,65.36,4.1,26.34,88.26
Italy,Europe,IT,1992,89606.43,413247119,64.86,4.63,18.21,36.09
Italy,Europe,IT,1997,90260.16,268277362,67.68,4.98,46.62,99.0
Italy,Europe,IT,2002,66446.88,267485218,65.91,2.47,22.27,74.09
Italy,Europe,IT,2007,95217.58,364949020,73.23,1.2,13.67,80.99
Jamaica,Americas,JM,1952,5525.33,247102132,56.38,3.12,35.44,22.16
Jamaica,Americas,JM,1957,5754.2,265475227,57.04,4.59,114.13,75.77
Jamaica,Americas,JM,1962,6007.49,307066490,59.52,4.6,68.88,80.59
Jamaica,Americas,JM,1967,7089.68,294531225,61.22,3.49,46.44,30.5
Jamaica,Americas,JM,1972,8963.91,277990333,60.75,1.55,5.36,79.09
Jamaica,Americas,JM,1977,8341.1,329825083,63.78,5.84,58.52,69.61
Jamaica,Americas,JM,1982,8178.63,455690514,62.39,2.9,53.74,59.0
Jamaica,Americas,JM,1987,12992.17,337117618,62.06,1.31,69.24,95.12
Jamaica,Americas,JM,1992,9875.42,531538793,63.41,3.44,44.57,99.0
Jamaica,Americas,JM,1997,10662.18,602780854,60.52,3.28,61.72,59.12
Jamaica,Americas,JM,2002,14320.59,584240229,70.92,4.33,2.0,54.36
Jamaica,Americas,JM,2007,15069.7,420885446,74.35,4.55,75.52,81.44
Japan,Asia,JP,1952,40683.12,36725365,55.19,6.26,97.18,87.31
Japan,Asia,JP,1957,45321.85,41861247,56.58,2.71,102.79,91.99
Japan,Asia,JP,1962,46759.3,44495709,57.63,1.64,21.34,24.54
Japan,Asia,JP,1967,66075.19,52089784,56.61,4.05,66.18,76.13
Japan,Asia,JP,1972,68630.59,43724183,60.08,1.96,74.82,98.71
Japan,Asia,JP,1977,56502.53,48073475,62.22,4.56,55.3,80.29
Japan,Asia,JP,1982,76357.5,45423460,60.89,4.63,22.0,54.36
Japan,Asia,JP,1987,66556.15,47283036,63.53,2.28,16.67,52.21
Japan,Asia,JP,1992,97618.92,79457491,64.44,1.59,3.35,82.48
Japan,Asia,JP,1997,96613.49,87934549,64.75,4.99,16.54,70.72
Japan,Asia,JP,2002,102293.56,88405041,64.51,2.15,57.35,95.15
Japan,Asia,JP,2007,86537.78,60900488,72.53,2.54,40.71,35.72
Jordan,Asia,JO,1952,4064.59,191445113,54.58,3.25,69.75,74.83
Jordan,Asia,JO,1957,4729.19,209439542,55.37,5.04,108.15,57.01
Jordan,Asia,JO,1962,5409.5,244749656,56.5,2.66,40.21,39.05
Jordan,Asia,JO,1967,5428.6,264654016,57.09,1.95,102.01,55.64
Jordan,Asia,JO,1972,7346.47,233432256,56.92,2.93,91.93,77.43
Jordan,Asia,JO,1977,7840.0,243750464,62.06,2.37,63.0,76.0
Jordan,Asia,JO,1982,9390.1,296598884,64.27,4.93,87.6,30.29
Jordan,Asia,JO,1987,10288.1,350914812,59.2,4.3,75.18,94.94
Jordan,Asia,JO,1992,10089.64,426019117,58.37,3.63,2.53,49.29
Jordan,Asia,JO,1997,10404.32,346511347,61.64,2.99,99.96,99.0
Jordan,Asia,JO,2002,9743.05,376211963,65.03,1.33,34.3,53.59
Jordan,Asia,JO,2007,8781.32,277865818,62.17,5.99,66.81,96.39
Kazakhstan,Asia,KZ,1952,8859.64,345868778,47.39,2.41,45.86,50.17
Kazakhstan,Asia,KZ,1957,9721.66,374212896,48.26,5.29,32.77,48.8
Kazakhstan,Asia,KZ,1962,12945.7,382692652,49.17,2.16,21.36,81.23
Kazakhstan,Asia,KZ,1967,14258.28,452567622,49.38,3.11,72.82,92.47
Kazakhstan,Asia,KZ,1972,15650.7,486252387,52.71,4.78,18.54,76.61
Kazakhstan,Asia,KZ,1977,14689.87,472616411,49.77,3.07,62.33,87.44
Kazakhstan,Asia,KZ,1982,14716.41,446784336,57.03,4.97,110.03,54.16
Kazakhstan,Asia,KZ,1987,18154.07,433564558,55.12,3.51,27.6,89.56
Kazakhstan,Asia,KZ,1992,23672.1,708913089,57.78,1.74,83.79,99.0
Kazakhstan,Asia,KZ,1997,16383.28,834738023,54.88,4.06,43.43,84.8
Kazakhstan,Asia,KZ,2002,26192.66,669067465,61.13,2.46,31.83,82.37
Kazakhstan,Asia,KZ,2007,21819.4,797604872,55.9,1.2,53.49,74.31
Kenya,Africa,KE,1952,1759.51,357422322,61.81,6.28,66.67,22.82
Kenya,Africa,KE,1957,2083.5,379019949,63.15,2.68,63.86,40.48
Kenya,Africa,KE,1962,2549.86,417635821,62.9,2.78,71.36,23.82
Kenya,Africa,KE,1967,2248.68,521299443,66.61,4.05,102.59,29.41
Kenya,Africa,KE,1972,2578.45,485210336,66.38,3.3,51.64,74.7
Kenya,Africa,KE,1977,4003.48,457179314,64.32,4.36,92.02,73.34
Kenya,Africa,KE,1982,2525.24,550317715,69.0,3.42,27.11,34.98
Kenya,Africa,KE,1987,4306.39,763640873,67.29,3.5,30.43,88.54
Kenya,Africa,KE,1992,3497.32,458707596,73.85,2.66,29.73,33.62
Kenya,Africa,KE,1997,5037.53,532514358,70.42,1.83,67.35,99.0
Kenya,Africa,KE,2002,3146.68,667439305,68.21,4.42,10.88,99.0
Kenya,Africa,KE,2007,5952.24,879966225,74.12,3.76,2.0,45.69
Kuwait,Asia,KW,1952,29234.26,422216186,66.67,3.94,80.39,27.1
Kuwait,Asia,KW,1957,36219.82,437328441,67.98,2.87,114.14,88.85
Kuwait,Asia,KW,1962,41473.53,543350307,68.43,2.74,88.82,58.21
Kuwait,Asia,KW,1967,46721.11,586955611,70.24,3.89,81.44,51.11
Kuwait,Asia,KW,1972,54980.09,530112745,70.82,5.46,42.86,76.93
Kuwait,Asia,KW,1977,51118.6,736377827,71.38,1.95,97.94,99.0
Kuwait,Asia,KW,1982,46715.82,590369612,73.37,2.6,101.23,88.7
Kuwait,Asia,KW,1987,52657.21,756950649,76.04,1.94,67.4,73.83
Kuwait,Asia,KW,1992,79841.48,850467996,77.26,1.47,90.11,38.23
Kuwait,Asia,KW,1997,64932.71,975609170,76.08,1.2,34.45,72.89
Kuwait,Asia,KW,2002,84424.06,938296269,79.16,1.28,71.51,67.52
Kuwait,Asia,KW,2007,64166.75,729512564,78.88,1.2,68.46,80.67
Lebanon,Asia,LB,1952,4126.09,223071189,50.11,3.89,20.59,86.09
Lebanon,Asia,LB,1957,5045.58,237388818,51.0,4.35,109.92,28.47
Lebanon,Asia,LB,1962,5065.25,238228778,51.47,5.3,44.86,88.39
Lebanon,Asia,LB,1967,5048.63,264318917,54.74,4.19,71.92,85.46
Lebanon,Asia,LB,1972,5128.73,312728668,56.36,2.57,88.27,25.47
Lebanon,Asia,LB,1977,7335.95,309958064,55.35,4.93,45.07,72.13
Lebanon,Asia,LB,1982,6696.57,386032922,56.78,4.43,10.23,70.8
Lebanon,Asia,LB,1987,7987.15,390727106,54.0,2.74,77.31,94.55
Lebanon,Asia,LB,1992,8890.9,489845686,60.23,5.37,87.57,41.36
Lebanon,Asia,LB,1997,8587.57,365586553,55.64,1.99,41.82,98.35
Lebanon,Asia,LB,2002,11275.96,510359148,56.45,1.5,80.48,32.28
Lebanon,Asia,LB,2007,13318.58,374715372,62.33,2.56,2.0,65.56
Libya,Africa,LY,1952,6688.99,71254841,58.23,5.61,48.35,56.17
Libya,Africa,LY,1957,7462.34,76914591,59.04,2.07,39.96,86.11
Libya,Africa,LY,1962,7655.95,79559049,59.94,3.99,38.82,22.55
Libya,Africa,LY,1967,9631.89,90744388,61.69,5.37,91.37,69.86
Libya,Africa,LY,1972,8527.63,112366195,62.29,1.83,55.21,78.1
Libya,Africa,LY,1977,10363.63,102440551,61.35,4.49,59.99,87.6
Libya,Africa,LY,1982,12424.99,141199655,66.1,1.68,68.53,97.34
Libya,Africa,LY,1987,11792.17,116499443,61.93,3.61,2.0,72.89
Libya,Africa,LY,1992,14717.87,107346046,64.58,2.76,2.0,87.0
Libya,Africa,LY,1997,10564.02,140177316,63.79,2.6,60.48,70.01
Libya,Africa,LY,2002,21879.72,145516976,67.62,2.82,2.0,49.82
Libya,Africa,LY,2007,21595.1,108456255,64.51,2.85,19.75,99.0
Malaysia,Asia,MY,1952,10676.99,358104648,59.07,2.06,67.71,37.67
Malaysia,Asia,MY,1957,13706.27,391419378,60.14,6.17,36.93,35.73
Malaysia,Asia,MY,1962,14672.26,468616823,60.19,3.88,107.17,51.22
Malaysia,Asia,MY,1967,15277.23,521412477,61.02,2.36,105.58,55.65
Malaysia,Asia,MY,1972,17021.15,441463326,65.29,5.34,12.36,71.42
Malaysia,Asia,MY,1977,23218.45,424494006,66.71,6.01,61.8,53.78
Malaysia,Asia,MY,1982,23286.17,564101202,62.38,4.15,88.28,39.8
Malaysia,Asia,MY,1987,24782.58,688731296,63.95,2.54,78.31,44.4
Malaysia,Asia,MY,1992,19462.88,616167573,71.22,5.26,29.31,84.21
Malaysia,Asia,MY,1997,22807.83,546961546,65.28,1.2,35.93,57.82
Malaysia,Asia,MY,2002,33384.62,658947062,75.17,2.06,32.24,73.7
Malaysia,Asia,MY,2007,30865.93,967461315,64.7,1.31,69.58,71.46
Mali,Africa,ML,1952,819.72,315835596,68.83,2.24,24.93,48.7
Mali,Africa,ML,1957,909.3,347606511,69.29,2.23,106.65,75.98
Mali,Africa,ML,1962,1066.12,411306833,69.95,3.69,78.55,44.58
Mali,Africa,ML,1967,1129.64,466872639,73.5,5.55,74.09,87.97
Mali,Africa,ML,1972,1014.41,449703497,73.68,5.43,26.22,49.54
Mali,Africa,ML,1977,1508.6,514192428,73.18,2.81,102.28,86.83
Mali,Africa,ML,1982,1869.28,457641506,76.47,1.47,42.57,86.85
Mali,Africa,ML,1987,1448.26,494310830,75.06,4.29,21.65,41.53
Mali,Africa,ML,1992,1394.3,442203463,78.2,4.8,2.0,45.39
Mali,Africa,ML,1997,1638.1,513416569,82.05,4.09,2.0,70.42
Mali,Africa,ML,2002,1462.31,513692128,80.89,2.02,57.3,55.68
Mali,Africa,ML,2007,1827.97,650197871,74.06,5.54,39.57,88.03
Mexico,Americas,MX,1952,10687.79,313685562,73.98,2.54,44.7,88.31
Mexico,Americas,MX,1957,11858.0,355541876,74.59,4.65,68.14,35.0
Mexico,Americas,MX,1962,13043.25,337163079,76.08,2.52,76.86,77.81
Mexico,Americas,MX,1967,15559.93,401484161,77.64,1.59,74.91,28.42
Mexico,Americas,MX,1972,19180.08,369653216,77.49,3.88,16.43,88.63
Mexico,Americas,MX,1977,16308.43,487653117,77.8,2.05,19.9,61.65
Mexico,Americas,MX,1982,22542.02,414107612,80.38,4.94,2.24,77.99
Mexico,Americas,MX,1987,16505.33,636905975,80.56,3.76,31.13,98.56
Mexico,Americas,MX,1992,22105.93,437625592,82.22,3.7,51.02,50.3
Mexico,Americas,MX,1997,19197.61,492629496,85.0,3.6,15.6,86.18
Mexico,Americas,MX,2002,20276.04,780030767,81.72,4.31,42.8,84.71
Mexico,Americas,MX,2007,25502.44,736837780,85.0,1.2,42.7,55.21
Morocco,Africa,MA,1952,3126.47,52816075,56.43,4.94,59.78,93.61
Morocco,Africa,MA,1957,3580.09,57699157,57.44,2.72,40.41,30.65
Morocco,Africa,MA,1962,4633.55,68468101,57.96,2.75,38.02,72.58
Morocco,Africa,MA,1967,4287.98,63475649,59.53,3.42,46.44,95.0
Morocco,Africa,MA,1972,4514.01,81095782,58.73,2.23,7.52,98.81
Morocco,Africa,MA,1977,6127.63,69207624,63.77,3.71,37.01,36.45
Morocco,Africa,MA,1982,5778.55,77354693,60.17,4.68,63.51,81.5
Morocco,Africa,MA,1987,7121.7,104514909,60.07,3.16,20.29,69.45
Morocco,Africa,MA,1992,8918.46,87095350,62.46,4.63,76.66,62.92
Morocco,Africa,MA,1997,6916.87,114061990,61.36,1.2,19.74,36.07
Morocco,Africa,MA,2002,5785.74,72386716,68.77,2.1,80.21,30.71
Morocco,Africa,MA,2007,10599.09,134007889,72.56,3.77,48.43,99.0
Mozambique,Africa,MZ,1952,538.26,277963328,61.26,3.64,32.9,40.6
Mozambique,Africa,MZ,1957,575.21,317118030,62.07,5.5,113.38,44.02
Mozambique,Africa,MZ,1962,628.64,296103614,63.72,3.56,37.94,60.28
Mozambique,Africa,MZ,1967,594.24,325104434,65.24,2.4,27.05,95.56
Mozambique,Africa,MZ,1972,722.25,315834214,64.35,4.37,103.56,78.31
Mozambique,Africa,MZ,1977,847.17,402089894,66.32,4.1,47.43,65.68
Mozambique,Africa,MZ,1982,829.46,547445286,70.7,1.66,72.62,74.86
Mozambique,Africa,MZ,1987,993.68,461901736,69.23,1.39,60.91,40.26
Mozambique,Africa,MZ,1992,807.33,498507790,68.71,4.16,49.47,99.0
Mozambique,Africa,MZ,1997,1268.89,378509621,75.73,2.19,75.79,95.84
Mozambique,Africa,MZ,2002,1002.96,415365054,76.38,4.18,2.0,76.67
Mozambique,Africa,MZ,2007,1154.29,640543386,78.88,1.2,30.08,64.69
Myanmar,Asia,MM,1952,1258.16,475544212,67.7,4.77,38.8,31.14
Myanmar,Asia,MM,1957,1556.69,492087291,69.2,5.08,35.47,83.69
Myanmar,Asia,MM,1962,1796.26,502189002,68.69,5.73,56.4,96.09
Myanmar,Asia,MM,1967,2178.56,547176297,72.02,2.25,53.91,59.3
Myanmar,Asia,MM,1972,2059.79,776619402,71.03,5.69,76.73,94.49
Myanmar,Asia,MM,1977,2786.69,810480661,74.1,2.78,45.85,73.91
Myanmar,Asia,MM,1982,2729.8,765092203,70.49,2.1,84.88,79.87
Myanmar,Asia,MM,1987,3356.34,1001116422,78.19,4.79,77.56,46.94
Myanmar,Asia,MM,1992,3028.24,1029119175,80.34,2.72,99.83,87.16
Myanmar,Asia,MM,1997,3249.75,1108035338,77.76,2.06,21.86,91.8
Myanmar,Asia,MM,2002,2947.01,1090527173,81.51,1.69,33.09,99.0
Myanmar,Asia,MM,2007,3796.3,1221648297,78.26,1.96,86.16,71.52
Nepal,Asia,NP,1952,984.74,159323348,71.04,2.28,118.92,23.5
Nepal,Asia,NP,1957,1170.4,178962195,72.61,3.67,62.71,54.6
Nepal,Asia,NP,1962,1308.4,203235926,73.69,4.85,85.7,92.15
Nepal,Asia,NP,1967,1307.56,174815925,73.7,4.22,91.79,37.97
Nepal,Asia,NP,1972,1848.03,238014307,76.03,3.59,18.66,76.25
Nepal,Asia,NP,1977,1935.0,189106986,74.45,4.89,102.26,98.92
Nepal,Asia,NP,1982,1562.47,222033958,78.5,1.89,96.22,75.56
Nepal,Asia,NP,1987,2127.83,221860466,76.81,1.34,45.55,61.91
Nepal,Asia,NP,1992,2690.84,270218247,82.82,3.95,63.12,88.61
Nepal,Asia,NP,1997,2412.67,345210702,80.33,3.77,82.88,34.06
Nepal,Asia,NP,2002,2499.58,207964228,80.9,2.25,29.69,87.93
Nepal,Asia,NP,2007,2078.48,348553578,76.98,2.02,53.61,99.0
Netherlands,Europe,NL,1952,54911.48,192633932,68.8,3.35,87.12,74.49
Netherlands,Europe,NL,1957,61623.69,202474310,69.64,6.16,66.1,60.32
Netherlands,Europe,NL,1962,68241.5,212200971,71.08,4.14,65.63,36.44
Netherlands,Europe,NL,1967,81577.1,266580507,70.67,5.52,23.66,90.84
Netherlands,Europe,NL,1972,78191.19,224154298,70.78,3.83,89.76,26.67
Netherlands,Europe,NL,1977,66875.41,261809962,73.66,2.5,17.7,76.03
Netherlands,Europe,NL,1982,98019.95,288363198,72.79,1.6,105.88,63.99
Netherlands,Europe,NL,1987,109625.68,262442294,79.92,2.98,83.16,73.48
Netherlands,Europe,NL,1992,113078.15,376343159,73.7,3.82,34.29,27.37
Netherlands,Europe,NL,1997,143607.84,345305308,81.57,4.74,40.93,99.0
Netherlands,Europe,NL,2002,124310.7,266434539,80.17,4.18,85.17,99.0
Netherlands,Europe,NL,2007,146993.14,386224802,84.96,1.2,2.0,91.03
New Zealand,Oceania,NZ,1952,38847.14,269780780,62.1,6.25,54.19,21.83
New Zealand,Oceania,NZ,1957,46434.26,292916472,63.33,5.23,112.03,38.57
New Zealand,Oceania,NZ,1962,45668.91,357068345,63.76,2.39,82.36,40.28
New Zealand,Oceania,NZ,1967,51569.11,303264921,64.99,2.62,29.8,93.17
New Zealand,Oceania,NZ,1972,62214.29,359816772,67.36,3.23,104.67,64.73
New Zealand,Oceania,NZ,1977,62895.81,344498292,69.55,2.07,60.3,60.88
New Zealand,Oceania,NZ,1982,81662.6,328768732,68.12,4.75,84.29,31.8
New Zealand,Oceania,NZ,1987,79603.29,524790547,67.73,3.38,47.33,36.54
New Zealand,Oceania,NZ,1992,65962.03,331349923,71.67,1.64,19.52,50.63
New Zealand,Oceania,NZ,1997,109641.34,647288159,75.68,3.11,61.36,73.55
New Zealand,Oceania,NZ,2002,75533.19,545553992,77.14,1.2,14.0,57.39
New Zealand,Oceania,NZ,2007,86394.7,675116658,72.84,2.01,56.08,66.45
Nicaragua,Americas,NI,1952,2082.88,332800105,55.71,3.39,101.11,80.43
Nicaragua,Americas,NI,1957,2346.12,372723673,56.88,5.33,63.45,29.55
Nicaragua,Americas,NI,1962,2677.79,379634584,57.36,4.72,80.17,31.34
Nicaragua,Americas,NI,1967,2945.99,365114638,58.65,2.18,104.97,28.83
Nicaragua,Americas,NI,1972,3225.55,395446198,61.8,5.46,83.28,49.31
Nicaragua,Americas,NI,1977,2937.46,556242870,62.87,5.08,109.88,86.19
Nicaragua,Americas,NI,1982,3616.08,631747872,59.35,1.2,49.44,41.43
Nicaragua,Americas,NI,1987,3303.55,407736822,66.46,2.74,6.87,93.33
Nicaragua,Americas,NI,1992,4985.07,517859674,63.91,1.87,18.5,46.4
Nicaragua,Americas,NI,1997,5951.35,643152771,70.02,3.99,12.2,85.46
Nicaragua,Americas,NI,2002,4877.26,469831705,65.04,1.2,2.0,44.07
Nicaragua,Americas,NI,2007,6361.65,693285764,65.93,1.25,2.0,46.71
Niger,Africa,NE,1952,526.25,373347871,71.44,3.02,100.61,68.17
Niger,Africa,NE,1957,627.52,388568684,72.22,5.74,111.94,40.67
Niger,Africa,NE,1962,743.98,403971171,74.03,1.73,30.89,38.45
Niger,Africa,NE,1967,887.59,464626586,74.0,2.66,63.84,47.12
Niger,Africa,NE,1972,824.92,417102094,75.54,2.99,65.51,59.59
Niger,Africa,NE,1977,1097.03,487887344,77.32,4.07,56.93,35.34
Niger,Africa,NE,1982,868.53,636271203,80.91,4.95,79.44,63.97
Niger,Africa,NE,1987,1418.06,767259715,75.31,1.98,46.14,99.0
Niger,Africa,NE,1992,945.72,700962957,76.96,2.78,71.6,64.23
Niger,Africa,NE,1997,1396.66,593495956,83.31,2.4,52.94,73.67
Niger,Africa,NE,2002,1454.46,475293698,77.49,4.17,2.0,92.25
Niger,Africa,NE,2007,1378.21,520933622,81.6,4.76,32.77,93.89
Nigeria,Africa,NG,1952,2034.05,221650365,76.38,3.14,102.38,90.73
Nigeria,Africa,NG,1957,2389.96,239330771,77.31,5.3,29.84,57.38
Nigeria,Africa,NG,1962,2451.99,275181262,78.32,2.49,94.02,46.19
Nigeria,Africa,NG,1967,2718.83,306024920,77.89,2.29,31.63,98.02
Nigeria,Africa,NG,1972,2784.31,359008172,80.66,2.82,49.77,40.8
Nigeria,Africa,NG,1977,3473.34,295638673,82.06,1.9,34.9,58.11
Nigeria,Africa,NG,1982,3303.45,268536054,81.27,2.25,90.19,69.74
Nigeria,Africa,NG,1987,4363.31,330266313,82.0,3.87,29.79,96.08
Nigeria,Africa,NG,1992,4646.42,300429499,85.0,3.7,28.93,69.68
Nigeria,Africa,NG,1997,5239.9,491690953,85.0,1.2,78.55,61.78
Nigeria,Africa,NG,2002,5536.4,460691797,85.0,3.46,108.27,80.63
Nigeria,Africa,NG,2007,6577.68,614313791,85.0,4.9,2.0,47.07
Norway,Europe,NO,1952,81739.26,61910590,64.69,5.67,33.38,68.69
Norway,Europe,NO,1957,83314.5,68738748,65.36,2.97,87.7,80.51
Norway,Europe,NO,1962,120042.0,80442038,66.66,3.59,22.78,87.41
Norway,Europe,NO,1967,140563.41,72238221,66.13,3.74,39.6,70.54
Norway,Europe,NO,1972,162653.86,95464973,69.42,5.79,85.19,95.02
Norway,Europe,NO,1977,110670.34,72852863,67.59,2.29,53.63,45.73
Norway,Europe,NO,1982,172938.13,117813381,68.2,2.06,11.77,56.49
Norway,Europe,NO,1987,135167.63,109658137,72.63,2.26,15.91,89.88
Norway,Europe,NO,1992,215973.78,82041067,72.45,4.75,33.97,92.47
Norway,Europe,NO,1997,236305.15,117210251,79.41,4.79,2.0,90.2
Norway,Europe,NO,2002,279639.71,116687253,69.98,2.43,47.22,66.38
Norway,Europe,NO,2007,186269.04,95398320,74.12,1.78,2.0,83.95
Pakistan,Asia,PK,1952,1214.76,337410779,56.0,6.32,98.82,64.23
Pakistan,Asia,PK,1957,1681.54,369573825,57.55,4.48,63.59,21.28
Pakistan,Asia,PK,1962,1661.37,397085116,59.22,3.32,31.1,81.66
Pakistan,Asia,PK,1967,1927.73,443947602,58.26,2.88,26.09,36.85
Pakistan,Asia,PK,1972,1812.28,410858783,60.59,1.48,108.03,55.78
Pakistan,Asia,PK,1977,2383.07,445549047,59.49,4.34,17.76,74.41
Pakistan,Asia,PK,1982,2100.7,578556762,59.54,4.37,105.18,76.15
Pakistan,Asia,PK,1987,3217.47,711720556,66.64,1.88,105.16,64.22
Pakistan,Asia,PK,1992,2334.15,492053835,62.3,3.38,74.42,41.85
Pakistan,Asia,PK,1997,3576.12,421480716,62.72,4.24,52.55,41.46
Pakistan,Asia,PK,2002,2572.46,802256992,62.14,1.95,2.0,99.0
Pakistan,Asia,PK,2007,2636.1,653476698,65.02,1.2,2.0,39.94
Panama,Americas,PA,1952,15921.78,177848853,76.95,2.22,61.4,39.76
Panama,Americas,PA,1957,16439.62,201951656,78.19,2.35,86.45,51.24
Panama,Americas,PA,1962,20268.06,206467129,78.82,4.45,33.25,95.94
Panama,Americas,PA,1967,24034.54,201682120,81.36,4.36,87.91,85.58
Panama,Americas,PA,1972,30437.29,231928127,79.08,1.85,66.18,45.77
Panama,Americas,PA,1977,27789.57,319167232,83.26,5.07,12.29,48.16
Panama,Americas,PA,1982,34484.0,232373711,81.09,1.9,32.38,76.19
Panama,Americas,PA,1987,24710.66,264884330,81.01,1.2,2.74,91.56
Panama,Americas,PA,1992,27796.7,359604904,85.0,4.57,103.07,58.47
Panama,Americas,PA,1997,24834.89,385817564,85.0,4.75,71.63,63.86
Panama,Americas,PA,2002,33536.45,329070639,85.0,4.89,74.52,77.54
Panama,Americas,PA,2007,31238.74,386560917,85.0,2.7,72.7,55.23
Paraguay,Americas,PY,1952,5090.62,398173557,67.25,5.64,65.7,65.32
Paraguay,Americas,PY,1957,6036.29,423423276,68.34,3.9,24.94,36.93
Paraguay,Americas,PY,1962,6696.73,483294911,69.04,3.73,37.12,88.91
Paraguay,Americas,PY,1967,7174.94,511866346,70.58,3.99,31.58,88.63
Paraguay,Americas,PY,1972,7559.33,488126665,69.35,3.18,77.65,32.69
Paraguay,Americas,PY,1977,10368.15,617046839,71.51,4.12,19.08,41.24
Paraguay,Americas,PY,1982,10831.82,467261353,73.66,3.4,60.64,78.39
Paraguay,Americas,PY,1987,12854.16,564362903,72.6,3.0,61.8,90.27
Paraguay,Americas,PY,1992,10948.74,670347003,79.29,4.68,49.76,66.51
Paraguay,Americas,PY,1997,14199.73,685769629,80.55,4.19,18.73,49.0
Paraguay,Americas,PY,2002,15190.84,753362904,76.35,5.25,14.82,82.47
Paraguay,Americas,PY,2007,13664.74,549837416,78.96,3.47,14.21,47.82
Peru,Americas,PE,1952,6845.38,309015652,51.5,3.73,61.76,28.52
Peru,Americas,PE,1957,6936.76,342321118,52.04,2.03,68.77,85.05
Peru,Americas,PE,1962,7562.31,385269107,53.21,2.31,92.15,83.26
Peru,Americas,PE,1967,8324.74,391473256,52.92,2.29,23.97,97.18
Peru,Americas,PE,1972,10661.79,397251603,53.43,3.72,18.25,61.85
Peru,Americas,PE,1977,9681.65,509767043,55.44,2.28,15.84,68.66
Peru,Americas,PE,1982,9740.41,433988435,54.84,4.8,54.05,73.89
Peru,Americas,PE,1987,17155.59,408338448,58.13,2.74,79.27,38.23
Peru,Americas,PE,1992,10811.78,601165591,58.05,1.79,78.25,56.24
Peru,Americas,PE,1997,10107.01,432714321,57.56,2.27,74.57,73.67
Peru,Americas,PE,2002,13527.85,579024503,67.8,2.33,2.0,61.44
Peru,Americas,PE,2007,21418.48,737130310,67.32,1.5,47.32,84.33
Philippines,Asia,PH,1952,3283.0,424773873,45.14,3.68,78.51,22.56
Philippines,Asia,PH,1957,4320.18,478345824,46.42,3.34,42.56,95.11
Philippines,Asia,PH,1962,3788.09,485255560,47.42,1.9,46.39,82.88
Philippines,Asia,PH,1967,5354.64,570394642,48.74,3.82,79.91,88.27
Philippines,Asia,PH,1972,4686.64,590222685,50.88,3.4,68.38,75.49
Philippines,Asia,PH,1977,5277.16,654618207,48.39,1.44,49.66,42.71
Philippines,Asia,PH,1982,7166.1,524868138,54.21,3.14,50.14,99.0
Philippines,Asia,PH,1987,6805.27,822748100,56.03,2.05,14.87,32.57
Philippines,Asia,PH,1992,6805.48,816294743,56.83,3.14,20.3,57.64
Philippines,Asia,PH,1997,8721.29,837609455,57.07,4.05,2.0,46.34
Philippines,Asia,PH,2002,8441.96,731043165,58.2,3.84,56.91,84.93
Philippines,Asia,PH,2007,6567.98,791805126,62.4,4.01,25.03,62.44
Poland,Europe,PL,1952,15697.86,199849871,48.19,2.21,45.08,83.91
Poland,Europe,PL,1957,17053.7,209704230,48.78,5.21,61.92,89.24
Poland,Europe,PL,1962,21141.96,243379199,49.79,4.7,24.62,32.47
Poland,Europe,PL,1967,22877.45,246294715,49.99,1.9,34.05,26.54
Poland,Europe,PL,1972,23280.19,298221521,53.0,6.15,51.61,59.13
Poland,Europe,PL,1977,26204.99,286015505,56.32,5.67,7.53,99.0
Poland,Europe,PL,1982,28395.99,348831875,53.01,3.31,75.49,80.43
Poland,Europe,PL,1987,34728.46,415485154,54.39,5.2,61.69,85.99
Poland,Europe,PL,1992,37189.09,253289554,60.65,3.73,65.0,70.06
Poland,Europe,PL,1997,40002.92,445723486,52.72,3.24,2.0,92.08
Poland,Europe,PL,2002,38756.89,476269762,58.87,4.07,21.05,46.65
Poland,Europe,PL,2007,53160.85,389547836,59.6,1.29,78.33,43.73
Portugal,Europe,PT,1952,23540.93,270487511,64.89,4.11,109.51,92.13
Portugal,Europe,PT,1957,26504.51,312926706,65.64,5.22,42.42,63.37
Portugal,Europe,PT,1962,27313.65,330783179,66.76,2.45,62.66,53.35
Portugal,Europe,PT,1967,30503.37,352834003,68.18,4.03,64.57,37.18
Portugal,Europe,PT,1972,37561.99,359275332,71.01,4.13,35.77,91.12
Portugal,Europe,PT,1977,31720.65,360048372,68.77,5.59,16.84,39.9
Portugal,Europe,PT,1982,48361.62,316026197,70.66,3.44,63.01,86.73
Portugal,Europe,PT,1987,35612.58,532348733,75.55,1.2,67.98,41.93
Portugal,Europe,PT,1992,62649.78,497862677,77.47,2.76,26.44,38.45
Portugal,Europe,PT,1997,60102.58,530419904,78.65,5.72,51.1,59.78
Portugal,Europe,PT,2002,72791.16,391284673,70.54,3.23,2.0,99.0
Portugal,Europe,PT,2007,71543.75,650583390,76.08,1.2,18.69,53.01
Romania,Europe,RO,1952,11835.8,433774602,56.18,4.31,43.7,34.17
Romania,Europe,RO,1957,14601.56,469374070,57.48,5.86,96.37,49.47
Romania,Europe,RO,1962,14141.9,548794965,58.11,3.33,87.57,67.75
Romania,Europe,RO,1967,15653.13,589483928,60.23,2.83,85.01,71.61
Romania,Europe,RO,1972,24324.36,602563550,61.89,4.81,88.75,71.76
Romania,Europe,RO,1977,23220.19,779523805,61.21,3.95,67.99,29.76
Romania,Europe,RO,1982,16840.22,785556910,60.74,3.19,11.62,71.75
Romania,Europe,RO,1987,22404.99,660512453,65.25,3.03,58.17,97.19
Romania,Europe,RO,1992,23290.35,820015739,64.53,5.42,2.0,90.15
Romania,Europe,RO,1997,34062.16,741005787,69.91,3.75,19.18,49.23
Romania,Europe,RO,2002,32781.47,962514701,71.17,2.97,8.56,97.91
Romania,Europe,RO,2007,29239.74,928806208,64.14,4.61,54.88,73.43
Russia,Europe,RU,1952,11581.24,474546041,67.66,3.28,73.13,79.35
Russia,Europe,RU,1957,12479.94,490727922,69.15,2.25,86.76,86.86
Russia,Europe,RU,1962,12237.2,575245795,69.46,4.0,107.01,58.07
Russia,Europe,RU,1967,19695.68,559072726,71.6,3.56,11.92,58.14
Russia,Europe,RU,1972,18249.12,671239275,70.9,2.27,29.87,41.35
Russia,Europe,RU,1977,16784.65,783196507,70.59,3.81,69.26,67.72
Russia,Europe,RU,1982,25426.54,778556900,73.24,5.15,20.06,66.46
Russia,Europe,RU,1987,25078.54,882741135,73.25,2.64,78.88,34.63
Russia,Europe,RU,1992,18479.66,701042269,74.89,3.71,83.75,53.67
Russia,Europe,RU,1997,25568.95,676272819,73.76,5.04,14.19,80.82
Russia,Europe,RU,2002,28269.5,1080008113,77.96,3.47,62.16,71.14
Russia,Europe,RU,2007,29361.97,1246156321,75.35,4.0,63.87,48.64
Rwanda,Africa,RW,1952,737.0,484071726,67.14,2.37,63.26,67.82
Rwanda,Africa,RW,1957,895.97,552193163,68.27,4.54,24.39,66.84
Rwanda,Africa,RW,1962,1239.91,582486592,70.3,2.71,16.78,29.89
Rwanda,Africa,RW,1967,995.1,686560253,69.28,2.61,41.92,43.77
Rwanda,Africa,RW,1972,1590.8,612027795,70.68,3.2,27.1,85.29
Rwanda,Africa,RW,1977,1135.36,624571786,69.54,3.88,74.09,29.86
Rwanda,Africa,RW,1982,1426.99,626411362,70.18,3.05,37.08,39.68
Rwanda,Africa,RW,1987,1454.15,1007384190,72.38,4.22,39.33,99.0
Rwanda,Africa,RW,1992,1767.28,938870340,77.49,1.2,79.25,62.84
Rwanda,Africa,RW,1997,1426.77,1011249025,74.98,4.54,30.64,99.0
Rwanda,Africa,RW,2002,1658.93,717361895,76.67,1.2,21.54,84.17
Rwanda,Africa,RW,2007,1808.9,1143277289,74.14,5.49,6.14,99.0
Saudi Arabia,Asia,SA,1952,24590.2,164955031,50.64,4.22,93.72,38.47
Saudi Arabia,Asia,SA,1957,28150.8,188804105,51.91,6.05,36.13,26.7
Saudi Arabia,Asia,SA,1962,32392.82,188811765,52.96,5.82,55.29,73.54
Saudi Arabia,Asia,SA,1967,35380.58,191874577,55.32,1.71,12.84,61.14
Saudi Arabia,Asia,SA,1972,32291.08,243437300,56.16,3.78,31.2,36.23
Saudi Arabia,Asia,SA,1977,37012.72,250734131,58.5,2.07,84.45,44.38
Saudi Arabia,Asia,SA,1982,34245.99,292441773,53.71,1.94,80.39,80.37
Saudi Arabia,Asia,SA,1987,39712.24,287766482,61.67,1.35,30.35,29.96
Saudi Arabia,Asia,SA,1992,62828.98,282027964,56.98,2.42,61.11,63.69
Saudi Arabia,Asia,SA,1997,67173.59,317197207,57.19,4.07,60.78,54.85
Saudi Arabia,Asia,SA,2002,69377.89,248769232,55.22,2.93,57.85,94.88
Saudi Arabia,Asia,SA,2007,52276.52,337873519,58.44,2.38,43.34,77.53
Senegal,Africa,SN,1952,1363.45,478463876,53.6,2.59,46.83,43.52
Senegal,Africa,SN,1957,1652.35,524791808,54.79,3.59,59.53,61.17
Senegal,Africa,SN,1962,1843.38,592032013,56.03,5.79,79.82,81.99
Senegal,Africa,SN,1967,2250.25,533202374,55.21,4.23,7.57,75.64
Senegal,Africa,SN,1972,2223.31,542327563,58.99,2.67,93.69,41.9
Senegal,Africa,SN,1977,2491.86,627473680,56.08,3.52,105.12,55.24
Senegal,Africa,SN,1982,2189.21,810082897,56.56,1.65,74.9,32.24
Senegal,Africa,SN,1987,3379.51,996395939,59.49,1.99,60.34,63.02
Senegal,Africa,SN,1992,2865.07,716732373,62.85,1.33,77.7,35.21
Senegal,Africa,SN,1997,4196.3,608915507,63.03,1.77,48.67,80.09
Senegal,Africa,SN,2002,4816.03,984028051,62.85,3.16,3.15,90.65
Senegal,Africa,SN,2007,2493.49,1188440002,63.26,1.2,68.29,99.0
Serbia,Europe,RS,1952,7341.19,173690299,58.42,4.91,25.57,84.73
Serbia,Europe,RS,1957,8215.29,186292490,59.06,5.68,108.75,72.44
Serbia,Europe,RS,1962,9118.86,226308886,59.75,3.01,42.61,66.25
Serbia,Europe,RS,1967,9147.74,239108224,61.76,3.46,41.05,30.07
Serbia,Europe,RS,1972,14485.79,210074409,61.64,4.98,84.48,77.45
Serbia,Europe,RS,1977,14800.95,295777505,60.94,1.54,17.64,95.52
Serbia,Europe,RS,1982,15317.7,226060005,61.37,2.21,7.7,69.39
Serbia,Europe,RS,1987,11744.96,211747275,65.2,1.82,54.59,64.54
Serbia,Europe,RS,1992,17268.12,369845882,70.51,5.19,35.36,48.37
Serbia,Europe,RS,1997,17832.64,402737614,70.48,5.73,2.0,50.98
Serbia,Europe,RS,2002,16171.41,342194301,68.17,2.63,38.2,44.95
Serbia,Europe,RS,2007,23900.98,399549882,66.47,3.01,30.93,76.02
Sierra Leone,Africa,SL,1952,484.3,390720108,64.79,5.74,95.01,55.26
Sierra Leone,Africa,SL,1957,577.23,407995444,65.93,4.87,111.64,38.04
Sierra Leone,Africa,SL,1962,658.0,420518725,67.08,6.0,101.2,35.18
Sierra Leone,Africa,SL,1967,681.67,532488373,68.79,2.17,79.66,51.55
Sierra Leone,Africa,SL,1972,705.17,595948200,69.93,4.15,8.22,58.17
Sierra Leone,Africa,SL,1977,910.9,604934778,71.49,5.45,15.88,78.12
Sierra Leone,Africa,SL,1982,939.8,541049309,71.1,5.45,82.0,42.58
Sierra Leone,Africa,SL,1987,1239.76,658962988,76.19,1.35,61.02,37.78
Sierra Leone,Africa,SL,1992,825.06,856490818,76.79,4.11,58.95,52.63
Sierra Leone,Africa,SL,1997,1491.18,744089647,76.62,1.2,63.57,60.28
Sierra Leone,Africa,SL,2002,1529.68,933325188,81.04,2.25,38.75,78.17
Sierra Leone,Africa,SL,2007,1337.94,1040579875,70.07,1.63,65.89,41.72
Singapore,Asia,SG,1952,62101.28,272989587,69.99,5.81,58.28,74.06
Singapore,Asia,SG,1957,76810.78,303423855,71.61,3.35,40.16,59.57
Singapore,Asia,SG,1962,74869.71,290541457,72.56,4.09,34.42,67.28
Singapore,Asia,SG,1967,94094.55,323174777,74.51,5.06,92.66,88.97
Singapore,Asia,SG,1972,120095.16,337365824,74.76,3.86,15.64,75.66
Singapore,Asia,SG,1977,107712.4,397566461,77.73,2.99,75.62,70.97
Singapore,Asia,SG,1982,124226.48,371316577,74.71,1.2,50.0,52.4
Singapore,Asia,SG,1987,158072.8,485652530,77.1,2.28,12.88,56.95
Singapore,Asia,SG,1992,140017.05,374219777,78.48,2.46,2.0,67.09
Singapore,Asia,SG,1997,178299.36,497629236,78.21,2.24,26.56,93.18
Singapore,Asia,SG,2002,128586.02,459575146,74.76,5.13,71.23,86.32
Singapore,Asia,SG,2007,143364.68,425358664,78.96,2.63,2.0,38.25
Somalia,Africa,SO,1952,411.58,20704340,61.67,6.39,70.23,72.9
Somalia,Africa,SO,1957,427.88,23739752,63.15,4.71,83.54,52.5
Somalia,Africa,SO,1962,512.72,25490822,63.65,6.24,49.08,23.84
Somalia,Africa,SO,1967,538.55,25247714,65.61,4.09,90.93,90.64
Somalia,Africa,SO,1972,636.74,31918655,67.85,4.65,102.47,40.26
Somalia,Africa,SO,1977,640.98,33599248,69.42,1.3,106.36,58.54
Somalia,Africa,SO,1982,837.17,36272686,67.92,1.28,2.94,90.74
Somalia,Africa,SO,1987,1027.77,39456238,70.37,5.24,2.0,74.21
Somalia,Africa,SO,1992,1016.64,38255036,68.66,4.19,61.53,55.89
Somalia,Africa,SO,1997,1071.08,35136768,66.59,4.8,16.29,81.03
Somalia,Africa,SO,2002,932.62,31794416,70.82,5.0,62.73,93.42
Somalia,Africa,SO,2007,1214.54,40036357,76.9,5.76,76.21,73.56
South Africa,Africa,ZA,1952,6186.23,489244603,64.14,3.13,55.05,29.49
South Africa,Africa,ZA,1957,6783.31,562970081,65.11,3.98,68.97,65.4
South Africa,Africa,ZA,1962,7434.24,574040258,65.22,5.31,22.46,90.95
South Africa,Africa,ZA,1967,10559.88,529702202,66.85,5.35,69.16,54.91
South Africa,Africa,ZA,1972,9557.82,808813950,68.29,2.25,83.64,87.4
South Africa,Africa,ZA,1977,9902.75,853990953,67.56,1.47,81.99,94.91
South Africa,Africa,ZA,1982,12303.18,589800253,72.15,3.29,51.4,39.41
South Africa,Africa,ZA,1987,9594.54,1037032326,68.59,2.14,69.76,95.2
South Africa,Africa,ZA,1992,10870.93,1096613062,75.58,4.66,34.22,45.84
South Africa,Africa,ZA,1997,14530.38,1078239733,77.17,1.67,2.0,37.24
South Africa,Africa,ZA,2002,16241.39,1228375735,72.98,1.93,40.85,93.84
South Africa,Africa,ZA,2007,20975.78,831708138,78.45,1.92,7.91,99.0
South Korea,Asia,KR,1952,28990.74,366941420,74.06,4.62,62.46,21.54
South Korea,Asia,KR,1957,35678.76,424091336,74.72,2.41,59.86,85.05
South Korea,Asia,KR,1962,36073.7,478059255,75.74,3.8,84.85,41.72
South Korea,Asia,KR,1967,38333.17,412535083,78.39,5.24,31.04,85.21
South Korea,Asia,KR,1972,50282.23,508944294,79.41,3.46,91.42,31.6
South Korea,Asia,KR,1977,44155.44,596916479,81.54,4.59,22.41,42.74
South Korea,Asia,KR,1982,63035.0,523748073,80.74,5.36,92.33,98.36
South Korea,Asia,KR,1987,51960.99,739885231,80.93,3.79,2.0,93.53
South Korea,Asia,KR,1992,61446.1,581416645,77.72,5.09,64.67,31.72
South Korea,Asia,KR,1997,60822.17,753684753,84.78,3.47,27.78,61.79
South Korea,Asia,KR,2002,76334.94,656255390,85.0,1.2,43.96,60.21
South Korea,Asia,KR,2007,86989.13,765889351,85.0,2.64,17.98,64.29
Spain,Europe,ES,1952,31210.88,430960227,74.9,5.71,119.08,61.54
Spain,Europe,ES,1957,30337.7,495348695,76.3,2.44,79.82,41.46
Spain,Europe,ES,1962,39796.09,526112546,76.02,3.97,33.01,91.09
Spain,Europe,ES,1967,39027.81,619812550,78.91,5.48,90.55,50.14
Spain,Europe,ES,1972,49801.87,683494275,77.35,2.34,34.26,98.27
Spain,Europe,ES,1977,57124.19,644051116,78.4,3.63,84.7,54.03
Spain,Europe,ES,1982,66849.76,767730010,82.95,2.3,91.02,96.54
Spain,Europe,ES,1987,48976.96,861946020,85.0,3.55,69.46,71.95
Spain,Europe,ES,1992,78518.71,778307603,82.75,3.49,2.0,67.67
Spain,Europe,ES,1997,49337.51,666476710,85.0,1.2,24.95,37.99
Spain,Europe,ES,2002,89763.2,909421694,81.67,1.96,95.1,89.41
Spain,Europe,ES,2007,66412.11,606279189,85.0,1.2,2.0,61.54
Sri Lanka,Asia,LK,1952,4052.6,257435508,47.36,2.1,46.37,47.67
Sri Lanka,Asia,LK,1957,4540.0,267753170,48.59,3.24,28.63,39.45
Sri Lanka,Asia,LK,1962,5683.15,297158147,50.51,3.36,115.43,85.51
Sri Lanka,Asia,LK,1967,6097.09,381802122,50.68,1.65,20.92,88.89
Sri Lanka,Asia,LK,1972,6529.73,354616689,51.04,4.54,90.14,71.22
Sri Lanka,Asia,LK,1977,7417.9,383022637,51.18,4.73,81.44,79.06
Sri Lanka,Asia,LK,1982,6624.93,309052175,51.4,4.87,81.64,51.07
Sri Lanka,Asia,LK,1987,6839.37,361826436,58.81,2.93,2.0,54.06
Sri Lanka,Asia,LK,1992,9516.75,437877058,55.66,2.34,31.36,85.34
Sri Lanka,Asia,LK,1997,8203.17,593216723,56.86,2.92,55.07,52.54
Sri Lanka,Asia,LK,2002,7621.73,573101293,59.52,2.44,78.57,75.34
Sri Lanka,Asia,LK,2007,7861.92,542949243,62.45,2.23,22.88,99.0
Sudan,Africa,SD,1952,988.76,134719838,68.11,6.3,89.75,21.92
Sudan,Africa,SD,1957,1209.05,142599889,68.71,3.54,65.37,65.6
Sudan,Africa,SD,1962,1341.3,173467990,70.13,5.71,23.29,69.01
Sudan,Africa,SD,1967,1534.94,173352121,70.8,4.25,37.74,75.43
Sudan,Africa,SD,1972,1824.61,219191927,71.53,1.94,7.32,31.57
Sudan,Africa,SD,1977,1732.2,159138619,74.06,4.15,99.57,62.18
Sudan,Africa,SD,1982,1635.05,198048270,71.41,2.82,46.97,30.77
Sudan,Africa,SD,1987,2234.34,270451330,72.05,4.98,69.99,31.58
Sudan,Africa,SD,1992,1687.67,239710669,77.31,4.24,58.63,66.71
Sudan,Africa,SD,1997,2703.84,168733321,79.13,1.2,94.58,42.2
Sudan,Africa,SD,2002,2572.68,303143710,79.69,2.96,76.16,96.68
Sudan,Africa,SD,2007,2946.98,349656515,77.94,1.2,43.71,97.78
Sweden,Europe,SE,1952,52736.65,112840937,60.86,6.1,102.58,87.94
Sweden,Europe,SE,1957,59601.26,124334037,61.54,1.93,110.93,52.92
Sweden,Europe,SE,1962,72987.3,141897611,63.89,5.94,27.24,31.13
Sweden,Europe,SE,1967,69333.5,141071696,62.79,6.01,94.6,49.94
Sweden,Europe,SE,1972,82891.06,159687554,64.1,3.12,104.6,66.98
Sweden,Europe,SE,1977,101559.25,181234530,64.17,3.7,73.85,71.23
Sweden,Europe,SE,1982,116274.44,181763177,67.18,2.13,4.89,86.97
Sweden,Europe,SE,1987,84808.56,228863632,67.32,2.68,59.66,90.58
Sweden,Europe,SE,1992,137251.4,219426304,65.18,4.76,80.03,43.5
Sweden,Europe,SE,1997,122080.03,142708671,69.4,1.82,12.76,65.25
Sweden,Europe,SE,2002,188300.89,183503801,66.86,4.95,19.74,86.33
Sweden,Europe,SE,2007,177576.18,237984053,77.12,1.2,33.82,53.25
Switzerland,Europe,CH,1952,89912.99,466503952,69.91,2.41,53.47,59.93
Switzerland,Europe,CH,1957,100982.55,482124422,70.72,4.27,45.88,84.16
Switzerland,Europe,CH,1962,104013.49,570581516,72.52,3.34,70.09,73.74
Switzerland,Europe,CH,1967,124932.77,568091319,72.95,2.9,89.93,97.42
Switzerland,Europe,CH,1972,162346.27,609554104,75.2,1.71,64.28,76.83
Switzerland,Europe,CH,1977,119925.7,668040843,75.55,4.87,51.2,63.7
Switzerland,Europe,CH,1982,135381.3,784916308,72.77,4.07,42.24,97.15
Switzerland,Europe,CH,1987,150410.49,857867749,77.76,2.02,81.74,99.0
Switzerland,Europe,CH,1992,222846.68,960905624,73.74,3.97,16.04,88.11
Switzerland,Europe,CH,1997,208198.63,818986853,82.86,1.44,2.67,79.66
Switzerland,Europe,CH,2002,199628.55,1078348432,78.35,3.84,9.7,50.16
Switzerland,Europe,CH,2007,274976.5,1091712715,85.0,2.79,75.59,45.4
Syria,Asia,SY,1952,1177.46,132862024,65.92,4.41,88.57,82.58
Syria,Asia,SY,1957,1324.4,139903813,67.04,5.14,46.95,68.89
Syria,Asia,SY,1962,1786.32,140401992,67.86,3.02,100.26,34.63
Syria,Asia,SY,1967,1701.37,159706256,67.48,1.87,106.56,54.1
Syria,Asia,SY,1972,1975.46,167006382,69.14,5.6,72.85,50.17
Syria,Asia,SY,1977,2432.85,153796364,70.92,3.36,82.11,66.61
Syria,Asia,SY,1982,2162.42,179407207,70.89,5.68,32.95,99.0
Syria,Asia,SY,1987,2358.78,272450414,73.82,2.27,52.54,93.45
Syria,Asia,SY,1992,2304.21,247915337,71.52,2.17,81.5,94.44
Syria,Asia,SY,1997,2968.49,306810373,74.65,1.39,85.54,49.34
Syria,Asia,SY,2002,3807.87,209370811,71.09,4.23,61.93,99.0
Syria,Asia,SY,2007,2764.69,223348117,74.9,4.64,33.63,34.7
Tanzania,Africa,TZ,1952,928.18,429523943,48.83,5.19,30.82,54.87
Tanzania,Africa,TZ,1957,1273.27,476504207,49.82,3.39,76.75,37.95
Tanzania,Africa,TZ,1962,1394.76,504798680,50.01,5.67,100.31,90.72
Tanzania,Africa,TZ,1967,1308.16,519605009,50.83,5.51,54.81,56.04
Tanzania,Africa,TZ,1972,1624.89,698087825,51.33,1.99,55.56,47.79
Tanzania,Africa,TZ,1977,1865.04,520468227,56.55,4.62,82.63,83.38
Tanzania,Africa,TZ,1982,1723.63,647294559,58.52,2.29,101.25,88.5
Tanzania,Africa,TZ,1987,2481.72,816688587,55.87,2.45,32.14,79.52
Tanzania,Africa,TZ,1992,1925.14,544040617,60.2,5.5,7.65,83.7
Tanzania,Africa,TZ,1997,2642.09,937495782,60.24,2.15,8.03,98.8
Tanzania,Africa,TZ,2002,3068.46,659051803,60.24,3.1,3.93,32.25
Tanzania,Africa,TZ,2007,2428.99,1154696298,58.71,3.85,67.4,99.0
Thailand,Asia,TH,1952,7100.1,351284225,47.63,4.02,100.82,92.22
Thailand,Asia,TH,1957,8368.61,376781666,49.15,2.38,44.66,69.19
Thailand,Asia,TH,1962,9418.29,443072254,49.47,5.53,41.19,56.16
Thailand,Asia,TH,1967,9290.96,447540526,50.98,2.2,43.85,48.66
Thailand,Asia,TH,1972,11537.52,513200321,53.46,3.02,16.85,64.37
Thailand,Asia,TH,1977,12664.97,586857665,53.3,1.91,40.15,73.04
Thailand,Asia,TH,1982,13861.47,573623554,57.04,4.23,89.57,37.71
Thailand,Asia,TH,1987,17842.95,455781483,54.6,3.55,29.67,94.81
Thailand,Asia,TH,1992,12881.61,615107928,56.02,4.43,92.7,56.57
Thailand,Asia,TH,1997,16005.93,782402183,61.67,2.25,29.65,85.06
Thailand,Asia,TH,2002,15109.93,723253880,63.56,2.27,2.0,55.9
Thailand,Asia,TH,2007,17189.47,744786029,62.29,2.12,16.54,67.21
Togo,Africa,TG,1952,806.17,486474776,61.8,5.26,87.91,62.36
Togo,Africa,TG,1957,901.76,556035427,62.75,2.94,58.62,40.22
Togo,Africa,TG,1962,972.43,613096547,63.37,3.87,39.74,35.22
Togo,Africa,TG,1967,1352.66,687680637,63.55,2.5,80.06,73.97
Togo,Africa,TG,1972,1102.77,719641225,65.86,5.62,29.93,86.27
Togo,Africa,TG,1977,1118.31,770474766,66.35,4.67,87.44,85.42
Togo,Africa,TG,1982,1178.01,719604563,70.94,2.58,110.85,86.04
Togo,Africa,TG,1987,1322.59,644191864,69.55,2.83,14.95,40.63
Togo,Africa,TG,1992,1701.84,814643005,74.22,4.69,89.57,63.38
Togo,Africa,TG,1997,2011.65,845089871,76.38,4.57,73.52,38.81
Togo,Africa,TG,2002,1734.61,1159662110,70.59,4.02,2.0,91.79
Togo,Africa,TG,2007,2740.93,850457439,77.96,4.73,50.43,66.01
Tunisia,Africa,TN,1952,3235.95,358726835,76.39,6.47,61.61,28.69
Tunisia,Africa,TN,1957,3686.24,411899302,77.08,5.27,99.84,77.38
Tunisia,Africa,TN,1962,4660.78,395240502,77.97,5.48,21.15,30.54
Tunisia,Africa,TN,1967,5886.24,456773589,81.24,4.01,45.34,66.42
Tunisia,Africa,TN,1972,4825.78,400970518,80.74,4.06,31.38,36.63
Tunisia,Africa,TN,1977,6482.09,591881228,83.16,2.03,108.45,90.32
Tunisia,Africa,TN,1982,5537.15,563204244,82.0,3.89,87.59,99.0
Tunisia,Africa,TN,1987,8741.66,690387381,84.46,1.81,12.3,91.09
Tunisia,Africa,TN,1992,9696.67,451350366,84.08,4.18,74.76,50.12
Tunisia,Africa,TN,1997,10416.46,479531942,85.0,4.45,29.48,95.36
Tunisia,Africa,TN,2002,11241.5,847163358,85.0,2.19,88.93,31.37
Tunisia,Africa,TN,2007,8199.85,630598887,85.0,3.25,2.0,96.94
Turkey,Asia,TR,1952,9209.04,446255517,66.17,4.12,42.5,29.94
Turkey,Asia,TR,1957,10760.99,481152549,67.8,6.41,91.45,22.96
Turkey,Asia,TR,1962,15457.26,494198916,67.46,2.8,73.14,79.06
Turkey,Asia,TR,1967,16869.83,562427202,70.34,5.39,38.48,34.01
Turkey,Asia,TR,1972,16473.39,682771291,72.34,4.14,61.08,30.39
Turkey,Asia,TR,1977,13937.09,776910892,72.41,6.13,87.25,56.9
Turkey,Asia,TR,1982,18094.61,840856438,74.27,4.13,58.01,92.48
Turkey,Asia,TR,1987,23005.9,876104400,77.12,5.07,21.1,80.36
Turkey,Asia,TR,1992,27562.93,705200368,75.71,3.99,77.52,86.82
Turkey,Asia,TR,1997,22310.05,648744624,70.26,4.64,24.02,74.26
Turkey,Asia,TR,2002,25730.13,643382316,76.62,2.52,2.0,79.2
Turkey,Asia,TR,2007,20557.43,1036097685,76.6,3.15,64.1,57.52
Uganda,Africa,UG,1952,849.14,223436107,73.27,2.52,76.71,75.08
Uganda,Africa,UG,1957,851.1,232649810,74.59,3.92,102.06,60.99
Uganda,Africa,UG,1962,1151.32,262436248,75.07,5.19,80.53,90.86
Uganda,Africa,UG,1967,1004.35,310396890,75.94,2.59,48.15,37.75
Uganda,Africa,UG,1972,978.69,350717357,79.08,3.24,80.31,26.66
Uganda,Africa,UG,1977,1192.5,390726414,80.23,3.85,67.24,48.45
Uganda,Africa,UG,1982,1760.33,413841171,79.05,3.5,62.05,74.56
Uganda,Africa,UG,1987,1311.78,351727445,80.0,5.12,54.21,36.63
Uganda,Africa,UG,1992,2163.64,371120325,77.2,4.56,65.09,80.43
Uganda,Africa,UG,1997,2153.5,301579692,78.49,1.2,32.02,51.71
Uganda,Africa,UG,2002,2291.49,550723965,80.93,1.99,60.29,65.25
Uganda,Africa,UG,2007,2474.72,389843331,84.9,4.45,12.88,67.89
Ukraine,Europe,UA,1952,3711.03,131542103,69.98,5.83,40.68,46.83
Ukraine,Europe,UA,1957,4144.65,136843301,70.9,6.23,33.82,46.67
Ukraine,Europe,UA,1962,5020.78,157008919,72.81,3.83,65.97,83.01
Ukraine,Europe,UA,1967,5679.25,165354911,72.52,5.79,43.25,53.51
Ukraine,Europe,UA,1972,6489.65,208697220,72.69,4.27,82.22,69.21
Ukraine,Europe,UA,1977,4979.56,175391751,75.96,3.76,64.17,42.17
Ukraine,Europe,UA,1982,7927.94,173140488,73.97,4.85,69.39,55.73
Ukraine,Europe,UA,1987,8037.21,263077394,79.44,2.48,28.7,81.64
Ukraine,Europe,UA,1992,9805.4,171237177,78.09,4.1,76.04,68.49
Ukraine,Europe,UA,1997,10241.62,312860245,76.94,4.94,33.08,50.14
Ukraine,Europe,UA,2002,6248.43,229781047,83.54,4.09,68.8,99.0
Ukraine,Europe,UA,2007,7311.49,298961840,75.35,1.31,13.69,65.01
United Kingdom,Europe,GB,1952,40817.47,209840230,71.51,5.77,60.3,38.49
United Kingdom,Europe,GB,1957,48061.62,215602289,72.49,3.18,25.03,68.46
United Kingdom,Europe,GB,1962,49883.29,243717378,73.63,5.35,98.13,68.19
United Kingdom,Europe,GB,1967,71747.97,281875544,75.78,1.63,32.67,31.95
United Kingdom,Europe,GB,1972,81386.25,329702819,75.59,5.27,63.43,80.08
United Kingdom,Europe,GB,1977,90532.0,372058843,79.06,4.61,27.81,71.18
United Kingdom,Europe,GB,1982,74743.49,245031435,79.04,3.84,18.71,34.83
United Kingdom,Europe,GB,1987,80168.38,343365724,76.82,5.06,31.0,48.45
United Kingdom,Europe,GB,1992,69291.55,397356619,80.15,5.01,102.87,76.61
United Kingdom,Europe,GB,1997,121100.61,282539621,82.16,1.2,68.18,52.36
United Kingdom,Europe,GB,2002,114235.96,430627132,85.0,1.2,63.18,74.13
United Kingdom,Europe,GB,2007,100058.34,325862045,85.0,3.28,2.0,98.08
United States,Americas,US,1952,63006.59,337144325,57.89,4.2,41.39,41.89
United States,Americas,US,1957,71377.93,350081027,58.36,3.8,115.79,41.71
United States,Americas,US,1962,81705.08,364330605,59.71,5.94,46.94,90.44
United States,Americas,US,1967,96655.68,388506198,61.81,4.26,48.11,74.15
United States,Americas,US,1972,91324.93,375450940,64.3,3.06,19.72,44.07
United States,Americas,US,1977,114524.34,592775838,61.32,3.64,81.95,49.17
United States,Americas,US,1982,99890.69,611122120,61.69,4.34,30.61,68.83
United States,Americas,US,1987,108847.25,422180402,62.68,3.55,28.49,66.83
United States,Americas,US,1992,167267.65,464140478,65.92,4.63,74.21,72.06
United States,Americas,US,1997,170179.2,536395920,70.93,1.2,37.17,99.0
United States,Americas,US,2002,117104.88,671514473,73.09,1.91,38.73,63.43
United States,Americas,US,2007,189762.69,923025106,66.29,2.69,32.78,96.06
Uruguay,Americas,UY,1952,16348.83,432029038,69.32,4.87,74.05,34.02
Uruguay,Americas,UY,1957,18820.3,451045575,70.45,3.1,58.35,22.49
Uruguay,Americas,UY,1962,23937.92,519986828,71.89,5.88,39.5,56.61
Uruguay,Americas,UY,1967,26211.78,582575465,71.36,1.92,14.49,51.53
Uruguay,Americas,UY,1972,31226.05,541660921,71.75,4.01,75.17,72.58
Uruguay,Americas,UY,1977,23435.6,626751094,76.27,3.36,81.85,50.12
Uruguay,Americas,UY,1982,38057.57,845621465,78.62,4.61,80.91,72.09
Uruguay,Americas,UY,1987,32963.45,701705263,74.26,1.5,64.04,60.11
Uruguay,Americas,UY,1992,27895.38,901191322,76.63,3.34,57.59,75.63
Uruguay,Americas,UY,1997,48617.6,709559358,78.91,4.59,36.43,59.34
Uruguay,Americas,UY,2002,51038.43,972838785,77.54,1.71,38.86,52.05
Uruguay,Americas,UY,2007,35297.56,822948695,79.19,2.12,2.0,85.51
Uzbekistan,Asia,UZ,1952,1949.35,218071862,65.9,3.23,102.85,44.32
Uzbekistan,Asia,UZ,1957,2411.23,233923901,67.02,3.7,35.99,84.27
Uzbekistan,Asia,UZ,1962,2915.82,266646660,68.29,3.09,95.33,56.25
Uzbekistan,Asia,UZ,1967,3075.53,282781999,67.67,6.16,72.85,82.25
Uzbekistan,Asia,UZ,1972,3450.31,290768412,70.9,4.86,101.17,90.55
Uzbekistan,Asia,UZ,1977,3775.1,321354057,70.01,3.89,50.14,66.25
Uzbekistan,Asia,UZ,1982,2959.84,321790720,74.6,5.73,59.34,71.86
Uzbekistan,Asia,UZ,1987,3517.96,341068286,69.82,3.87,26.08,94.08
Uzbekistan,Asia,UZ,1992,4745.12,402620045,73.18,1.64,43.98,99.0
Uzbekistan,Asia,UZ,1997,3537.36,298494370,77.84,3.15,30.21,85.2
Uzbekistan,Asia,UZ,2002,5813.08,445596942,78.99,3.26,2.0,71.28
Uzbekistan,Asia,UZ,2007,4445.19,467588226,74.52,1.6,2.0,64.19
Venezuela,Americas,VE,1952,3126.72,293365192,58.33,3.85,40.41,88.78
Venezuela,Americas,VE,1957,3188.04,319570105,59.13,2.87,17.42,80.59
Venezuela,Americas,VE,1962,4103.76,361774596,60.3,3.16,91.11,28.96
Venezuela,Americas,VE,1967,3835.87,323567933,60.89,5.09,83.44,44.77
Venezuela,Americas,VE,1972,5173.22,359039601,62.62,5.5,21.24,59.24
Venezuela,Americas,VE,1977,5806.46,496184012,64.87,4.4,77.78,38.09
Venezuela,Americas,VE,1982,5234.08,514580328,62.06,5.48,81.81,49.51
Venezuela,Americas,VE,1987,5202.62,503508521,62.52,2.1,65.36,36.48
Venezuela,Americas,VE,1992,5386.37,647681243,68.57,4.62,74.86,50.55
Venezuela,Americas,VE,1997,6459.07,427536115,65.17,3.32,32.92,93.83
Venezuela,Americas,VE,2002,7868.32,448007529,73.45,2.5,77.93,53.08
Venezuela,Americas,VE,2007,5780.14,405317805,71.87,4.52,86.79,53.17
Vietnam,Asia,VN,1952,2813.04,210933028,58.86,6.21,55.92,65.85
Vietnam,Asia,VN,1957,3037.61,228748906,59.52,5.98,64.14,88.06
Vietnam,Asia,VN,1962,3324.23,268403286,59.85,6.17,51.44,37.58
Vietnam,Asia,VN,1967,4423.13,310376313,63.14,3.66,53.15,30.46
Vietnam,Asia,VN,1972,3754.93,328857660,61.79,2.92,70.81,68.96
Vietnam,Asia,VN,1977,3495.32,254243962,65.81,5.71,63.39,65.24
Vietnam,Asia,VN,1982,5783.36,279223302,67.0,1.42,16.01,40.83
Vietnam,Asia,VN,1987,5125.18,383409714,69.64,3.24,13.54,73.29
Vietnam,Asia,VN,1992,4732.05,321038228,71.41,5.49,56.21,70.39
Vietnam,Asia,VN,1997,6277.28,316524045,71.46,3.64,19.89,99.0
Vietnam,Asia,VN,2002,6357.36,492525314,67.42,1.29,45.03,99.0
Vietnam,Asia,VN,2007,5587.66,411850511,71.96,3.41,2.0,99.0
Yemen,Asia,YE,1952,866.64,489741467,76.77,2.63,76.17,73.63
Yemen,Asia,YE,1957,1012.4,561324509,77.69,3.39,34.84,33.52
Yemen,Asia,YE,1962,1180.69,622081274,79.06,4.8,72.95,54.56
Yemen,Asia,YE,1967,1263.11,605118895,80.02,5.73,72.13,91.92
Yemen,Asia,YE,1972,1479.05,546334733,79.18,2.87,90.13,63.99
Yemen,Asia,YE,1977,1395.69,764124862,79.43,3.34,67.88,75.75
Yemen,Asia,YE,1982,1457.94,848567912,83.58,1.92,14.44,52.17
Yemen,Asia,YE,1987,1385.84,922578690,84.67,3.51,109.71,47.03
Yemen,Asia,YE,1992,1597.9,899928203,85.0,4.24,2.0,44.83
Yemen,Asia,YE,1997,2260.78,990208342,81.42,1.4,26.32,74.77
Yemen,Asia,YE,2002,1622.79,1224203295,82.71,1.53,27.4,53.84
Yemen,Asia,YE,2007,2882.18,661549236,85.0,2.53,32.11,90.75
Zambia,Africa,ZM,1952,1504.3,481476157,67.74,4.54,93.94,91.93
Zambia,Africa,ZM,1957,1695.89,521807019,69.35,4.42,111.35,61.63
Zambia,Africa,ZM,1962,1543.37,532163572,69.25,3.15,59.34,27.15
Zambia,Africa,ZM,1967,2035.88,645833721,72.04,3.44,101.18,57.71
Zambia,Africa,ZM,1972,1979.5,791720560,72.01,5.7,105.72,30.32
Zambia,Africa,ZM,1977,2041.1,816601061,71.64,5.1,12.75,56.23
Zambia,Africa,ZM,1982,2829.89,920593866,75.25,2.6,17.81,99.0
Zambia,Africa,ZM,1987,3432.37,959161523,78.74,2.69,39.7,40.29
Zambia,Africa,ZM,1992,3018.79,951554877,75.17,1.99,25.85,99.0
Zambia,Africa,ZM,1997,2448.06,794495622,76.74,2.02,2.0,90.52
Zambia,Africa,ZM,2002,3469.07,1249342566,74.34,1.59,2.0,80.05
Zambia,Africa,ZM,2007,3330.03,1318378702,75.42,4.36,2.0,33.43
Zimbabwe,Africa,ZW,1952,1174.78,201771793,73.6,4.58,46.32,70.84
Zimbabwe,Africa,ZW,1957,1261.78,219966212,74.62,3.31,86.31,59.11
Zimbabwe,Africa,ZW,1962,1424.87,263655397,76.44,3.1,25.54,58.59
Zimbabwe,Africa,ZW,1967,1508.34,276339550,76.03,5.16,60.73,67.83
Zimbabwe,Africa,ZW,1972,1480.41,285608573,78.54,5.04,90.14,56.58
Zimbabwe,Africa,ZW,1977,2115.81,254989263,77.95,3.56,100.75,32.1
Zimbabwe,Africa,ZW,1982,2136.52,305951177,78.5,2.94,94.49,59.64
Zimbabwe,Africa,ZW,1987,1913.7,308933374,81.6,1.74,56.35,67.32
Zimbabwe,Africa,ZW,1992,2793.91,264612033,79.29,4.52,2.91,42.99
Zimbabwe,Africa,ZW,1997,3395.57,423704495,80.24,1.2,2.0,56.58
Zimbabwe,Africa,ZW,2002,2255.61,490683280,85.0,1.2,11.97,79.22
Zimbabwe,Africa,ZW,2007,2799.37,546169293,85.0,1.2,32.9,73.54
